<?xml version="1.0" encoding="UTF-8"?>
<sc:Model xsi:schemaLocation="http://shapechange.net/model http://shapechange.net/resources/schema/ShapeChangeExportedModel.xsd" encoding="UTF-8" scxmlProducer="ShapeChange" scxmlProducerVersion="unittest" xmlns:sc="http://shapechange.net/model" xmlns:xsi="http://www.w3.org/2001/XMLSchema-instance">
  <sc:packages>
    <sc:Package>
      <sc:name>Model</sc:name>
      <sc:id>P1</sc:id>
      <sc:packages>
        <sc:Package>
          <sc:name>Schemas</sc:name>
          <sc:id>P2</sc:id>
          <sc:packages>
            <sc:Package>
              <sc:name>Test Schema B</sc:name>
              <sc:id>P4</sc:id>
              <sc:stereotypes>
                <sc:Stereotype>application schema</sc:Stereotype>
              </sc:stereotypes>
              <sc:descriptors>
                <sc:alias>
                  <sc:descriptorValues>
                    <sc:DescriptorValue>applicationSchema</sc:DescriptorValue>
                  </sc:descriptorValues>
                </sc:alias>
              </sc:descriptors>
              <sc:taggedValues>
                <sc:TaggedValue>
                  <sc:name>gmlProfileSchema</sc:name>
                </sc:TaggedValue>
                <sc:TaggedValue>
                  <sc:name>targetNamespace</sc:name>
                  <sc:values>
                    <sc:Value>http://example.org/shapechange/schema/test/b</sc:Value>
                  </sc:values>
                </sc:TaggedValue>
                <sc:TaggedValue>
                  <sc:name>version</sc:name>
                  <sc:values>
                    <sc:Value>1.0</sc:Value>
                  </sc:values>
                </sc:TaggedValue>
                <sc:TaggedValue>
                  <sc:name>xmlns</sc:name>
                  <sc:values>
                    <sc:Value>tb</sc:Value>
                  </sc:values>
                </sc:TaggedValue>
                <sc:TaggedValue>
                  <sc:name>xsdDocument</sc:name>
                  <sc:values>
                    <sc:Value>testB.xsd</sc:Value>
                  </sc:values>
                </sc:TaggedValue>
              </sc:taggedValues>
              <sc:classes>
                <sc:Class>
                  <sc:name>CodeList</sc:name>
                  <sc:id>10</sc:id>
                  <sc:stereotypes>
                    <sc:Stereotype>codelist</sc:Stereotype>
                  </sc:stereotypes>
                  <sc:taggedValues>
                    <sc:TaggedValue>
                      <sc:name>asDictionary</sc:name>
                      <sc:values>
                        <sc:Value>true</sc:Value>
                      </sc:values>
                    </sc:TaggedValue>
                    <sc:TaggedValue>
                      <sc:name>extensibility</sc:name>
                      <sc:values>
                        <sc:Value>any</sc:Value>
                      </sc:values>
                    </sc:TaggedValue>
                  </sc:taggedValues>
                </sc:Class>
                <sc:Class>
                  <sc:name>Enumeration</sc:name>
                  <sc:id>11</sc:id>
                  <sc:stereotypes>
                    <sc:Stereotype>enumeration</sc:Stereotype>
                  </sc:stereotypes>
                  <sc:properties>
                    <sc:Property>
                      <sc:name>val1</sc:name>
                      <sc:id>11_29</sc:id>
                      <sc:taggedValues>
                        <sc:TaggedValue>
                          <sc:name>sequenceNumber</sc:name>
                          <sc:values>
                            <sc:Value>10</sc:Value>
                          </sc:values>
                        </sc:TaggedValue>
                      </sc:taggedValues>
                      <sc:sequenceNumber>10</sc:sequenceNumber>
                    </sc:Property>
                    <sc:Property>
                      <sc:name>val2</sc:name>
                      <sc:id>11_30</sc:id>
                      <sc:taggedValues>
                        <sc:TaggedValue>
                          <sc:name>sequenceNumber</sc:name>
                          <sc:values>
                            <sc:Value>20</sc:Value>
                          </sc:values>
                        </sc:TaggedValue>
                      </sc:taggedValues>
                      <sc:sequenceNumber>20</sc:sequenceNumber>
                    </sc:Property>
                  </sc:properties>
                </sc:Class>
                <sc:Class>
                  <sc:name>DataType2</sc:name>
                  <sc:id>12</sc:id>
                  <sc:stereotypes>
                    <sc:Stereotype>datatype</sc:Stereotype>
                  </sc:stereotypes>
                  <sc:taggedValues>
                    <sc:TaggedValue>
                      <sc:name>isCollection</sc:name>
                      <sc:values>
                        <sc:Value>false</sc:Value>
                      </sc:values>
                    </sc:TaggedValue>
                    <sc:TaggedValue>
                      <sc:name>noPropertyType</sc:name>
                      <sc:values>
                        <sc:Value>false</sc:Value>
                      </sc:values>
                    </sc:TaggedValue>
                  </sc:taggedValues>
                  <sc:properties>
                    <sc:Property>
                      <sc:name>integer</sc:name>
                      <sc:id>12_25</sc:id>
                      <sc:taggedValues>
                        <sc:TaggedValue>
                          <sc:name>sequenceNumber</sc:name>
                          <sc:values>
                            <sc:Value>10</sc:Value>
                          </sc:values>
                        </sc:TaggedValue>
                      </sc:taggedValues>
                      <sc:cardinality>0..1</sc:cardinality>
                      <sc:sequenceNumber>10</sc:sequenceNumber>
                      <sc:typeName>Integer</sc:typeName>
                      <sc:isComposition>true</sc:isComposition>
                    </sc:Property>
                  </sc:properties>
                </sc:Class>
                <sc:Class>
                  <sc:name>MixinC</sc:name>
                  <sc:id>15</sc:id>
                  <sc:stereotypes>
                    <sc:Stereotype>type</sc:Stereotype>
                  </sc:stereotypes>
                  <sc:taggedValues>
                    <sc:TaggedValue>
                      <sc:name>byValuePropertyType</sc:name>
                      <sc:values>
                        <sc:Value>false</sc:Value>
                      </sc:values>
                    </sc:TaggedValue>
                    <sc:TaggedValue>
                      <sc:name>gmlMixin</sc:name>
                      <sc:values>
                        <sc:Value>true</sc:Value>
                      </sc:values>
                    </sc:TaggedValue>
                    <sc:TaggedValue>
                      <sc:name>isCollection</sc:name>
                      <sc:values>
                        <sc:Value>false</sc:Value>
                      </sc:values>
                    </sc:TaggedValue>
                    <sc:TaggedValue>
                      <sc:name>noPropertyType</sc:name>
                      <sc:values>
                        <sc:Value>false</sc:Value>
                      </sc:values>
                    </sc:TaggedValue>
                    <sc:TaggedValue>
                      <sc:name>xmlSchemaType</sc:name>
                    </sc:TaggedValue>
                  </sc:taggedValues>
                  <sc:isAbstract>true</sc:isAbstract>
                  <sc:supertypes>
                    <sc:SupertypeId>16</sc:SupertypeId>
                  </sc:supertypes>
                  <sc:subtypes>
                    <sc:SubtypeId>6</sc:SubtypeId>
                  </sc:subtypes>
                  <sc:properties>
                    <sc:Property>
                      <sc:name>enum</sc:name>
                      <sc:id>15_19</sc:id>
                      <sc:taggedValues>
                        <sc:TaggedValue>
                          <sc:name>sequenceNumber</sc:name>
                          <sc:values>
                            <sc:Value>10</sc:Value>
                          </sc:values>
                        </sc:TaggedValue>
                      </sc:taggedValues>
                      <sc:sequenceNumber>10</sc:sequenceNumber>
                      <sc:typeId>11</sc:typeId>
                      <sc:typeName>Enumeration</sc:typeName>
                      <sc:isComposition>true</sc:isComposition>
                    </sc:Property>
                  </sc:properties>
                </sc:Class>
                <sc:Class>
                  <sc:name>MixinB</sc:name>
                  <sc:id>17</sc:id>
                  <sc:stereotypes>
                    <sc:Stereotype>type</sc:Stereotype>
                  </sc:stereotypes>
                  <sc:taggedValues>
                    <sc:TaggedValue>
                      <sc:name>byValuePropertyType</sc:name>
                      <sc:values>
                        <sc:Value>false</sc:Value>
                      </sc:values>
                    </sc:TaggedValue>
                    <sc:TaggedValue>
                      <sc:name>gmlMixin</sc:name>
                      <sc:values>
                        <sc:Value>true</sc:Value>
                      </sc:values>
                    </sc:TaggedValue>
                    <sc:TaggedValue>
                      <sc:name>isCollection</sc:name>
                      <sc:values>
                        <sc:Value>false</sc:Value>
                      </sc:values>
                    </sc:TaggedValue>
                    <sc:TaggedValue>
                      <sc:name>noPropertyType</sc:name>
                      <sc:values>
                        <sc:Value>false</sc:Value>
                      </sc:values>
                    </sc:TaggedValue>
                    <sc:TaggedValue>
                      <sc:name>xmlSchemaType</sc:name>
                    </sc:TaggedValue>
                  </sc:taggedValues>
                  <sc:isAbstract>true</sc:isAbstract>
                  <sc:supertypes>
                    <sc:SupertypeId>16</sc:SupertypeId>
                  </sc:supertypes>
                  <sc:subtypes>
                    <sc:SubtypeId>7</sc:SubtypeId>
                  </sc:subtypes>
                  <sc:properties>
                    <sc:Property>
                      <sc:name>codelist</sc:name>
                      <sc:id>17_20</sc:id>
                      <sc:taggedValues>
                        <sc:TaggedValue>
                          <sc:name>sequenceNumber</sc:name>
                          <sc:values>
                            <sc:Value>10</sc:Value>
                          </sc:values>
                        </sc:TaggedValue>
                      </sc:taggedValues>
                      <sc:sequenceNumber>10</sc:sequenceNumber>
                      <sc:typeId>10</sc:typeId>
                      <sc:typeName>CodeList</sc:typeName>
                      <sc:isComposition>true</sc:isComposition>
                    </sc:Property>
                  </sc:properties>
                </sc:Class>
                <sc:Class>
                  <sc:name>MixinD</sc:name>
                  <sc:id>18</sc:id>
                  <sc:stereotypes>
                    <sc:Stereotype>type</sc:Stereotype>
                  </sc:stereotypes>
                  <sc:taggedValues>
                    <sc:TaggedValue>
                      <sc:name>byValuePropertyType</sc:name>
                      <sc:values>
                        <sc:Value>false</sc:Value>
                      </sc:values>
                    </sc:TaggedValue>
                    <sc:TaggedValue>
                      <sc:name>gmlMixin</sc:name>
                      <sc:values>
                        <sc:Value>true</sc:Value>
                      </sc:values>
                    </sc:TaggedValue>
                    <sc:TaggedValue>
                      <sc:name>isCollection</sc:name>
                      <sc:values>
                        <sc:Value>false</sc:Value>
                      </sc:values>
                    </sc:TaggedValue>
                    <sc:TaggedValue>
                      <sc:name>noPropertyType</sc:name>
                      <sc:values>
                        <sc:Value>false</sc:Value>
                      </sc:values>
                    </sc:TaggedValue>
                    <sc:TaggedValue>
                      <sc:name>xmlSchemaType</sc:name>
                    </sc:TaggedValue>
                  </sc:taggedValues>
                  <sc:isAbstract>true</sc:isAbstract>
                  <sc:subtypes>
                    <sc:SubtypeId>6</sc:SubtypeId>
                  </sc:subtypes>
                  <sc:properties>
                    <sc:Property>
                      <sc:name>measure</sc:name>
                      <sc:id>18_12</sc:id>
                      <sc:taggedValues>
                        <sc:TaggedValue>
                          <sc:name>sequenceNumber</sc:name>
                          <sc:values>
                            <sc:Value>10</sc:Value>
                          </sc:values>
                        </sc:TaggedValue>
                      </sc:taggedValues>
                      <sc:sequenceNumber>10</sc:sequenceNumber>
                      <sc:typeName>Measure</sc:typeName>
                      <sc:isComposition>true</sc:isComposition>
                    </sc:Property>
                  </sc:properties>
                </sc:Class>
                <sc:Class>
                  <sc:name>FeatureType3</sc:name>
                  <sc:id>20</sc:id>
                  <sc:stereotypes>
                    <sc:Stereotype>featuretype</sc:Stereotype>
                  </sc:stereotypes>
                  <sc:taggedValues>
                    <sc:TaggedValue>
                      <sc:name>byValuePropertyType</sc:name>
                      <sc:values>
                        <sc:Value>false</sc:Value>
                      </sc:values>
                    </sc:TaggedValue>
                    <sc:TaggedValue>
                      <sc:name>gmlMixin</sc:name>
                      <sc:values>
                        <sc:Value>false</sc:Value>
                      </sc:values>
                    </sc:TaggedValue>
                    <sc:TaggedValue>
                      <sc:name>isCollection</sc:name>
                      <sc:values>
                        <sc:Value>false</sc:Value>
                      </sc:values>
                    </sc:TaggedValue>
                    <sc:TaggedValue>
                      <sc:name>noPropertyType</sc:name>
                      <sc:values>
                        <sc:Value>false</sc:Value>
                      </sc:values>
                    </sc:TaggedValue>
                  </sc:taggedValues>
                  <sc:supertypes>
                    <sc:SupertypeId>7</sc:SupertypeId>
                  </sc:supertypes>
                  <sc:properties>
                    <sc:Property>
                      <sc:name>attFt3</sc:name>
                      <sc:id>20_35</sc:id>
                      <sc:taggedValues>
                        <sc:TaggedValue>
                          <sc:name>inlineOrByReference</sc:name>
                          <sc:values>
                            <sc:Value>inlineOrByReference</sc:Value>
                          </sc:values>
                        </sc:TaggedValue>
                        <sc:TaggedValue>
                          <sc:name>isMetadata</sc:name>
                          <sc:values>
                            <sc:Value>false</sc:Value>
                          </sc:values>
                        </sc:TaggedValue>
                        <sc:TaggedValue>
                          <sc:name>sequenceNumber</sc:name>
                        </sc:TaggedValue>
                      </sc:taggedValues>
                      <sc:sequenceNumber>-1073741824</sc:sequenceNumber>
                      <sc:typeName>Integer</sc:typeName>
                      <sc:isComposition>true</sc:isComposition>
                    </sc:Property>
                  </sc:properties>
                </sc:Class>
                <sc:Class>
                  <sc:name>Union</sc:name>
                  <sc:id>21</sc:id>
                  <sc:stereotypes>
                    <sc:Stereotype>union</sc:Stereotype>
                  </sc:stereotypes>
                  <sc:taggedValues>
                    <sc:TaggedValue>
                      <sc:name>noPropertyType</sc:name>
                      <sc:values>
                        <sc:Value>false</sc:Value>
                      </sc:values>
                    </sc:TaggedValue>
                  </sc:taggedValues>
                  <sc:properties>
                    <sc:Property>
                      <sc:name>optA</sc:name>
                      <sc:id>21_37</sc:id>
                      <sc:taggedValues>
                        <sc:TaggedValue>
                          <sc:name>inlineOrByReference</sc:name>
                          <sc:values>
                            <sc:Value>inlineOrByReference</sc:Value>
                          </sc:values>
                        </sc:TaggedValue>
                        <sc:TaggedValue>
                          <sc:name>isMetadata</sc:name>
                          <sc:values>
                            <sc:Value>false</sc:Value>
                          </sc:values>
                        </sc:TaggedValue>
                        <sc:TaggedValue>
                          <sc:name>sequenceNumber</sc:name>
                        </sc:TaggedValue>
                      </sc:taggedValues>
                      <sc:sequenceNumber>-1073741823</sc:sequenceNumber>
                      <sc:typeName>Integer</sc:typeName>
                      <sc:isComposition>true</sc:isComposition>
                    </sc:Property>
                    <sc:Property>
                      <sc:name>optB</sc:name>
                      <sc:id>21_38</sc:id>
                      <sc:taggedValues>
                        <sc:TaggedValue>
                          <sc:name>inlineOrByReference</sc:name>
                          <sc:values>
                            <sc:Value>inlineOrByReference</sc:Value>
                          </sc:values>
                        </sc:TaggedValue>
                        <sc:TaggedValue>
                          <sc:name>isMetadata</sc:name>
                          <sc:values>
                            <sc:Value>false</sc:Value>
                          </sc:values>
                        </sc:TaggedValue>
                        <sc:TaggedValue>
                          <sc:name>sequenceNumber</sc:name>
                        </sc:TaggedValue>
                      </sc:taggedValues>
                      <sc:sequenceNumber>-1073741822</sc:sequenceNumber>
                      <sc:typeId>11</sc:typeId>
                      <sc:typeName>Enumeration</sc:typeName>
                      <sc:isComposition>true</sc:isComposition>
                    </sc:Property>
                  </sc:properties>
                </sc:Class>
                <sc:Class>
                  <sc:name>FeatureType1</sc:name>
                  <sc:id>6</sc:id>
                  <sc:stereotypes>
                    <sc:Stereotype>featuretype</sc:Stereotype>
                  </sc:stereotypes>
                  <sc:descriptors>
                    <sc:definition>
                      <sc:descriptorValues>
                        <sc:DescriptorValue>This is a feature type.</sc:DescriptorValue>
                      </sc:descriptorValues>
                    </sc:definition>
                    <sc:documentation>
                      <sc:descriptorValues>
                        <sc:DescriptorValue>This is a feature type.</sc:DescriptorValue>
                      </sc:descriptorValues>
                    </sc:documentation>
                  </sc:descriptors>
                  <sc:taggedValues>
                    <sc:TaggedValue>
                      <sc:name>byValuePropertyType</sc:name>
                      <sc:values>
                        <sc:Value>false</sc:Value>
                      </sc:values>
                    </sc:TaggedValue>
                    <sc:TaggedValue>
                      <sc:name>gmlMixin</sc:name>
                      <sc:values>
                        <sc:Value>false</sc:Value>
                      </sc:values>
                    </sc:TaggedValue>
                    <sc:TaggedValue>
                      <sc:name>isCollection</sc:name>
                      <sc:values>
                        <sc:Value>false</sc:Value>
                      </sc:values>
                    </sc:TaggedValue>
                    <sc:TaggedValue>
                      <sc:name>noPropertyType</sc:name>
                      <sc:values>
                        <sc:Value>false</sc:Value>
                      </sc:values>
                    </sc:TaggedValue>
                  </sc:taggedValues>
                  <sc:supertypes>
                    <sc:SupertypeId>14</sc:SupertypeId>
                    <sc:SupertypeId>15</sc:SupertypeId>
                    <sc:SupertypeId>18</sc:SupertypeId>
                  </sc:supertypes>
                  <sc:properties>
                    <sc:Property>
                      <sc:name>string</sc:name>
                      <sc:id>6_3</sc:id>
                      <sc:descriptors>
                        <sc:definition>
                          <sc:descriptorValues>
                            <sc:DescriptorValue>This is a string.</sc:DescriptorValue>
                          </sc:descriptorValues>
                        </sc:definition>
                        <sc:documentation>
                          <sc:descriptorValues>
                            <sc:DescriptorValue>This is a string.</sc:DescriptorValue>
                          </sc:descriptorValues>
                        </sc:documentation>
                      </sc:descriptors>
                      <sc:taggedValues>
                        <sc:TaggedValue>
                          <sc:name>sequenceNumber</sc:name>
                          <sc:values>
                            <sc:Value>10</sc:Value>
                          </sc:values>
                        </sc:TaggedValue>
                      </sc:taggedValues>
                      <sc:cardinality>1..*</sc:cardinality>
                      <sc:sequenceNumber>10</sc:sequenceNumber>
                      <sc:typeName>CharacterString</sc:typeName>
                      <sc:isComposition>true</sc:isComposition>
                    </sc:Property>
                    <sc:Property>
                      <sc:name>real</sc:name>
                      <sc:id>6_4</sc:id>
                      <sc:taggedValues>
                        <sc:TaggedValue>
                          <sc:name>sequenceNumber</sc:name>
                          <sc:values>
                            <sc:Value>20</sc:Value>
                          </sc:values>
                        </sc:TaggedValue>
                      </sc:taggedValues>
                      <sc:cardinality>0..*</sc:cardinality>
                      <sc:sequenceNumber>20</sc:sequenceNumber>
                      <sc:typeName>Real</sc:typeName>
                      <sc:isComposition>true</sc:isComposition>
                    </sc:Property>
                    <sc:Property>
                      <sc:name>geometry</sc:name>
                      <sc:id>6_14</sc:id>
                      <sc:taggedValues>
                        <sc:TaggedValue>
                          <sc:name>sequenceNumber</sc:name>
                          <sc:values>
                            <sc:Value>30</sc:Value>
                          </sc:values>
                        </sc:TaggedValue>
                      </sc:taggedValues>
                      <sc:sequenceNumber>30</sc:sequenceNumber>
                      <sc:typeName>GM_Point</sc:typeName>
                      <sc:isComposition>true</sc:isComposition>
                    </sc:Property>
                    <sc:Property>
                      <sc:name>datatype</sc:name>
                      <sc:id>6_17</sc:id>
                      <sc:descriptors>
                        <sc:definition>
                          <sc:descriptorValues>
                            <sc:DescriptorValue>This is a data type.</sc:DescriptorValue>
                          </sc:descriptorValues>
                        </sc:definition>
                        <sc:documentation>
                          <sc:descriptorValues>
                            <sc:DescriptorValue>This is a data type.</sc:DescriptorValue>
                          </sc:descriptorValues>
                        </sc:documentation>
                      </sc:descriptors>
                      <sc:taggedValues>
                        <sc:TaggedValue>
                          <sc:name>sequenceNumber</sc:name>
                          <sc:values>
                            <sc:Value>40</sc:Value>
                          </sc:values>
                        </sc:TaggedValue>
                      </sc:taggedValues>
                      <sc:sequenceNumber>40</sc:sequenceNumber>
                      <sc:typeId>12</sc:typeId>
                      <sc:typeName>DataType2</sc:typeName>
                      <sc:isComposition>true</sc:isComposition>
                    </sc:Property>
                    <sc:Property>
                      <sc:name>union</sc:name>
                      <sc:id>6_39</sc:id>
                      <sc:taggedValues>
                        <sc:TaggedValue>
                          <sc:name>inlineOrByReference</sc:name>
                          <sc:values>
                            <sc:Value>inlineOrByReference</sc:Value>
                          </sc:values>
                        </sc:TaggedValue>
                        <sc:TaggedValue>
                          <sc:name>isMetadata</sc:name>
                          <sc:values>
                            <sc:Value>false</sc:Value>
                          </sc:values>
                        </sc:TaggedValue>
                        <sc:TaggedValue>
                          <sc:name>sequenceNumber</sc:name>
                          <sc:values>
                            <sc:Value>50</sc:Value>
                          </sc:values>
                        </sc:TaggedValue>
                      </sc:taggedValues>
                      <sc:sequenceNumber>50</sc:sequenceNumber>
                      <sc:typeId>21</sc:typeId>
                      <sc:typeName>Union</sc:typeName>
                      <sc:isComposition>true</sc:isComposition>
                    </sc:Property>
                    <sc:Property>
                      <sc:name>role2</sc:name>
                      <sc:id>Tas1</sc:id>
                      <sc:taggedValues>
                        <sc:TaggedValue>
                          <sc:name>sequenceNumber</sc:name>
                          <sc:values>
                            <sc:Value>100</sc:Value>
                          </sc:values>
                        </sc:TaggedValue>
                      </sc:taggedValues>
                      <sc:sequenceNumber>100</sc:sequenceNumber>
                      <sc:typeId>7</sc:typeId>
                      <sc:typeName>FeatureType2</sc:typeName>
                      <sc:isAttribute>false</sc:isAttribute>
                      <sc:associationId>as1</sc:associationId>
                    </sc:Property>
                  </sc:properties>
                </sc:Class>
                <sc:Class>
                  <sc:name>FeatureType2</sc:name>
                  <sc:id>7</sc:id>
                  <sc:stereotypes>
                    <sc:Stereotype>featuretype</sc:Stereotype>
                  </sc:stereotypes>
                  <sc:taggedValues>
                    <sc:TaggedValue>
                      <sc:name>byValuePropertyType</sc:name>
                      <sc:values>
                        <sc:Value>false</sc:Value>
                      </sc:values>
                    </sc:TaggedValue>
                    <sc:TaggedValue>
                      <sc:name>gmlMixin</sc:name>
                      <sc:values>
                        <sc:Value>false</sc:Value>
                      </sc:values>
                    </sc:TaggedValue>
                    <sc:TaggedValue>
                      <sc:name>isCollection</sc:name>
                      <sc:values>
                        <sc:Value>false</sc:Value>
                      </sc:values>
                    </sc:TaggedValue>
                    <sc:TaggedValue>
                      <sc:name>noPropertyType</sc:name>
                      <sc:values>
                        <sc:Value>false</sc:Value>
                      </sc:values>
                    </sc:TaggedValue>
                  </sc:taggedValues>
                  <sc:isAbstract>true</sc:isAbstract>
                  <sc:supertypes>
                    <sc:SupertypeId>14</sc:SupertypeId>
                    <sc:SupertypeId>17</sc:SupertypeId>
                  </sc:supertypes>
                  <sc:subtypes>
                    <sc:SubtypeId>20</sc:SubtypeId>
                  </sc:subtypes>
                  <sc:properties>
                    <sc:Property>
                      <sc:name>role1</sc:name>
                      <sc:id>Sas1</sc:id>
                      <sc:taggedValues>
                        <sc:TaggedValue>
                          <sc:name>sequenceNumber</sc:name>
                          <sc:values>
                            <sc:Value>100</sc:Value>
                          </sc:values>
                        </sc:TaggedValue>
                      </sc:taggedValues>
                      <sc:cardinality>0..*</sc:cardinality>
                      <sc:sequenceNumber>100</sc:sequenceNumber>
                      <sc:typeId>6</sc:typeId>
                      <sc:typeName>FeatureType1</sc:typeName>
                      <sc:isAttribute>false</sc:isAttribute>
                      <sc:associationId>as1</sc:associationId>
                    </sc:Property>
                  </sc:properties>
                </sc:Class>
              </sc:classes>
            </sc:Package>
            <sc:Package>
              <sc:name>External Schema</sc:name>
              <sc:id>P5</sc:id>
              <sc:stereotypes>
                <sc:Stereotype>application schema</sc:Stereotype>
              </sc:stereotypes>
              <sc:descriptors>
                <sc:alias>
                  <sc:descriptorValues>
                    <sc:DescriptorValue>applicationSchema</sc:DescriptorValue>
                  </sc:descriptorValues>
                </sc:alias>
              </sc:descriptors>
              <sc:taggedValues>
                <sc:TaggedValue>
                  <sc:name>gmlProfileSchema</sc:name>
                </sc:TaggedValue>
                <sc:TaggedValue>
                  <sc:name>targetNamespace</sc:name>
                  <sc:values>
                    <sc:Value>http://example.org/shapechange/schema/external</sc:Value>
                  </sc:values>
                </sc:TaggedValue>
                <sc:TaggedValue>
                  <sc:name>version</sc:name>
                  <sc:values>
                    <sc:Value>1.0</sc:Value>
                  </sc:values>
                </sc:TaggedValue>
                <sc:TaggedValue>
                  <sc:name>xmlns</sc:name>
                  <sc:values>
                    <sc:Value>ext</sc:Value>
                  </sc:values>
                </sc:TaggedValue>
                <sc:TaggedValue>
                  <sc:name>xsdDocument</sc:name>
                  <sc:values>
                    <sc:Value>external.xsd</sc:Value>
                  </sc:values>
                </sc:TaggedValue>
              </sc:taggedValues>
            </sc:Package>
            <sc:Package>
              <sc:name>Test Schema A</sc:name>
              <sc:id>P7</sc:id>
              <sc:stereotypes>
                <sc:Stereotype>application schema</sc:Stereotype>
              </sc:stereotypes>
              <sc:descriptors>
                <sc:alias>
                  <sc:descriptorValues>
                    <sc:DescriptorValue>applicationSchema</sc:DescriptorValue>
                  </sc:descriptorValues>
                </sc:alias>
              </sc:descriptors>
              <sc:taggedValues>
                <sc:TaggedValue>
                  <sc:name>gmlProfileSchema</sc:name>
                </sc:TaggedValue>
                <sc:TaggedValue>
                  <sc:name>targetNamespace</sc:name>
                  <sc:values>
                    <sc:Value>http://example.org/shapechange/schema/test/a</sc:Value>
                  </sc:values>
                </sc:TaggedValue>
                <sc:TaggedValue>
                  <sc:name>version</sc:name>
                  <sc:values>
                    <sc:Value>1.0</sc:Value>
                  </sc:values>
                </sc:TaggedValue>
                <sc:TaggedValue>
                  <sc:name>xmlns</sc:name>
                  <sc:values>
                    <sc:Value>ta</sc:Value>
                  </sc:values>
                </sc:TaggedValue>
                <sc:TaggedValue>
                  <sc:name>xsdDocument</sc:name>
                  <sc:values>
                    <sc:Value>testA.xsd</sc:Value>
                  </sc:values>
                </sc:TaggedValue>
              </sc:taggedValues>
              <sc:classes>
                <sc:Class>
                  <sc:name>AbstractSupertype</sc:name>
                  <sc:id>14</sc:id>
                  <sc:stereotypes>
                    <sc:Stereotype>featuretype</sc:Stereotype>
                  </sc:stereotypes>
                  <sc:taggedValues>
                    <sc:TaggedValue>
                      <sc:name>byValuePropertyType</sc:name>
                      <sc:values>
                        <sc:Value>false</sc:Value>
                      </sc:values>
                    </sc:TaggedValue>
                    <sc:TaggedValue>
                      <sc:name>gmlMixin</sc:name>
                      <sc:values>
                        <sc:Value>false</sc:Value>
                      </sc:values>
                    </sc:TaggedValue>
                    <sc:TaggedValue>
                      <sc:name>isCollection</sc:name>
                      <sc:values>
                        <sc:Value>false</sc:Value>
                      </sc:values>
                    </sc:TaggedValue>
                    <sc:TaggedValue>
                      <sc:name>noPropertyType</sc:name>
                      <sc:values>
                        <sc:Value>false</sc:Value>
                      </sc:values>
                    </sc:TaggedValue>
                  </sc:taggedValues>
                  <sc:isAbstract>true</sc:isAbstract>
                  <sc:subtypes>
                    <sc:SubtypeId>6</sc:SubtypeId>
                    <sc:SubtypeId>7</sc:SubtypeId>
                  </sc:subtypes>
                  <sc:properties>
                    <sc:Property>
                      <sc:name>integer</sc:name>
                      <sc:id>14_1</sc:id>
                      <sc:descriptors>
                        <sc:definition>
                          <sc:descriptorValues>
                            <sc:DescriptorValue>This is an integer.</sc:DescriptorValue>
                          </sc:descriptorValues>
                        </sc:definition>
                        <sc:documentation>
                          <sc:descriptorValues>
                            <sc:DescriptorValue>This is an integer.</sc:DescriptorValue>
                          </sc:descriptorValues>
                        </sc:documentation>
                      </sc:descriptors>
                      <sc:taggedValues>
                        <sc:TaggedValue>
                          <sc:name>sequenceNumber</sc:name>
                          <sc:values>
                            <sc:Value>10</sc:Value>
                          </sc:values>
                        </sc:TaggedValue>
                      </sc:taggedValues>
                      <sc:cardinality>0..1</sc:cardinality>
                      <sc:sequenceNumber>10</sc:sequenceNumber>
                      <sc:typeName>Integer</sc:typeName>
                      <sc:isComposition>true</sc:isComposition>
                    </sc:Property>
                  </sc:properties>
                </sc:Class>
                <sc:Class>
                  <sc:name>MixinA</sc:name>
                  <sc:id>16</sc:id>
                  <sc:stereotypes>
                    <sc:Stereotype>type</sc:Stereotype>
                  </sc:stereotypes>
                  <sc:taggedValues>
                    <sc:TaggedValue>
                      <sc:name>byValuePropertyType</sc:name>
                      <sc:values>
                        <sc:Value>false</sc:Value>
                      </sc:values>
                    </sc:TaggedValue>
                    <sc:TaggedValue>
                      <sc:name>gmlMixin</sc:name>
                      <sc:values>
                        <sc:Value>true</sc:Value>
                      </sc:values>
                    </sc:TaggedValue>
                    <sc:TaggedValue>
                      <sc:name>isCollection</sc:name>
                      <sc:values>
                        <sc:Value>false</sc:Value>
                      </sc:values>
                    </sc:TaggedValue>
                    <sc:TaggedValue>
                      <sc:name>noPropertyType</sc:name>
                      <sc:values>
                        <sc:Value>false</sc:Value>
                      </sc:values>
                    </sc:TaggedValue>
                    <sc:TaggedValue>
                      <sc:name>xmlSchemaType</sc:name>
                    </sc:TaggedValue>
                  </sc:taggedValues>
                  <sc:isAbstract>true</sc:isAbstract>
                  <sc:subtypes>
                    <sc:SubtypeId>15</sc:SubtypeId>
                    <sc:SubtypeId>17</sc:SubtypeId>
                  </sc:subtypes>
                  <sc:properties>
                    <sc:Property>
                      <sc:name>boolean</sc:name>
                      <sc:id>16_7</sc:id>
                      <sc:taggedValues>
                        <sc:TaggedValue>
                          <sc:name>sequenceNumber</sc:name>
                          <sc:values>
                            <sc:Value>10</sc:Value>
                          </sc:values>
                        </sc:TaggedValue>
                      </sc:taggedValues>
                      <sc:sequenceNumber>10</sc:sequenceNumber>
                      <sc:typeName>Boolean</sc:typeName>
                      <sc:isComposition>true</sc:isComposition>
                    </sc:Property>
                  </sc:properties>
                </sc:Class>
                <sc:Class>
                  <sc:name>DataType</sc:name>
                  <sc:id>8</sc:id>
                  <sc:stereotypes>
                    <sc:Stereotype>datatype</sc:Stereotype>
                  </sc:stereotypes>
                  <sc:taggedValues>
                    <sc:TaggedValue>
                      <sc:name>isCollection</sc:name>
                      <sc:values>
                        <sc:Value>false</sc:Value>
                      </sc:values>
                    </sc:TaggedValue>
                    <sc:TaggedValue>
                      <sc:name>noPropertyType</sc:name>
                      <sc:values>
                        <sc:Value>false</sc:Value>
                      </sc:values>
                    </sc:TaggedValue>
                  </sc:taggedValues>
                  <sc:properties>
                    <sc:Property>
                      <sc:name>dtAtt1</sc:name>
                      <sc:id>8_36</sc:id>
                      <sc:taggedValues>
                        <sc:TaggedValue>
                          <sc:name>inlineOrByReference</sc:name>
                          <sc:values>
                            <sc:Value>inlineOrByReference</sc:Value>
                          </sc:values>
                        </sc:TaggedValue>
                        <sc:TaggedValue>
                          <sc:name>isMetadata</sc:name>
                          <sc:values>
                            <sc:Value>false</sc:Value>
                          </sc:values>
                        </sc:TaggedValue>
                        <sc:TaggedValue>
                          <sc:name>sequenceNumber</sc:name>
                          <sc:values>
                            <sc:Value>10</sc:Value>
                          </sc:values>
                        </sc:TaggedValue>
                      </sc:taggedValues>
                      <sc:sequenceNumber>10</sc:sequenceNumber>
                      <sc:typeName>Real</sc:typeName>
                      <sc:isComposition>true</sc:isComposition>
                    </sc:Property>
                  </sc:properties>
                </sc:Class>
              </sc:classes>
            </sc:Package>
          </sc:packages>
        </sc:Package>
      </sc:packages>
    </sc:Package>
  </sc:packages>
  <sc:associations>
    <sc:Association>
      <sc:id>as1</sc:id>
      <sc:end1 ref="Sas1"></sc:end1>
      <sc:end2 ref="Tas1"></sc:end2>
    </sc:Association>
  </sc:associations>
</sc:Model>