<?xml version="1.0" encoding="Windows-1252"?>
<sc:Model xsi:schemaLocation="http://shapechange.net/model http://shapechange.net/resources/schema/ShapeChangeExportedModel.xsd" encoding="Windows-1252" scxmlProducer="ShapeChange" scxmlProducerVersion="unittest" xmlns:sc="http://shapechange.net/model" xmlns:xsi="http://www.w3.org/2001/XMLSchema-instance">
  <sc:packages>
    <sc:Package>
      <sc:name>Model</sc:name>
      <sc:id>P1</sc:id>
      <sc:packages>
        <sc:Package>
          <sc:name>Schema</sc:name>
          <sc:id>P2</sc:id>
          <sc:packages>
            <sc:Package>
              <sc:name>Test1</sc:name>
              <sc:id>P3</sc:id>
              <sc:stereotypes>
                <sc:Stereotype>application schema</sc:Stereotype>
              </sc:stereotypes>
              <sc:taggedValues>
                <sc:TaggedValue>
                  <sc:name>gmlProfileSchema</sc:name>
                </sc:TaggedValue>
                <sc:TaggedValue>
                  <sc:name>targetNamespace</sc:name>
                  <sc:values>
                    <sc:Value>http://shapechange.net/test/flattening/cycles</sc:Value>
                  </sc:values>
                </sc:TaggedValue>
                <sc:TaggedValue>
                  <sc:name>version</sc:name>
                  <sc:values>
                    <sc:Value>1.0</sc:Value>
                  </sc:values>
                </sc:TaggedValue>
                <sc:TaggedValue>
                  <sc:name>xmlns</sc:name>
                  <sc:values>
                    <sc:Value>flat</sc:Value>
                  </sc:values>
                </sc:TaggedValue>
                <sc:TaggedValue>
                  <sc:name>xsdDocument</sc:name>
                  <sc:values>
                    <sc:Value>flatCycles.xsd</sc:Value>
                  </sc:values>
                </sc:TaggedValue>
              </sc:taggedValues>
              <sc:classes>
                <sc:Class>
                  <sc:name>Class1_FT1</sc:name>
                  <sc:id>3</sc:id>
                  <sc:stereotypes>
                    <sc:Stereotype>featuretype</sc:Stereotype>
                  </sc:stereotypes>
                  <sc:taggedValues>
                    <sc:TaggedValue>
                      <sc:name>byValuePropertyType</sc:name>
                      <sc:values>
                        <sc:Value>false</sc:Value>
                      </sc:values>
                    </sc:TaggedValue>
                    <sc:TaggedValue>
                      <sc:name>gmlMixin</sc:name>
                      <sc:values>
                        <sc:Value>false</sc:Value>
                      </sc:values>
                    </sc:TaggedValue>
                    <sc:TaggedValue>
                      <sc:name>isCollection</sc:name>
                      <sc:values>
                        <sc:Value>false</sc:Value>
                      </sc:values>
                    </sc:TaggedValue>
                    <sc:TaggedValue>
                      <sc:name>noPropertyType</sc:name>
                      <sc:values>
                        <sc:Value>false</sc:Value>
                      </sc:values>
                    </sc:TaggedValue>
                  </sc:taggedValues>
                  <sc:properties>
                    <sc:Property>
                      <sc:name>pFT1toT2</sc:name>
                      <sc:id>Tas1</sc:id>
                      <sc:taggedValues>
                        <sc:TaggedValue>
                          <sc:name>inlineOrByReference</sc:name>
                          <sc:values>
                            <sc:Value>inlineOrByReference</sc:Value>
                          </sc:values>
                        </sc:TaggedValue>
                        <sc:TaggedValue>
                          <sc:name>isMetadata</sc:name>
                          <sc:values>
                            <sc:Value>false</sc:Value>
                          </sc:values>
                        </sc:TaggedValue>
                        <sc:TaggedValue>
                          <sc:name>sequenceNumber</sc:name>
                          <sc:values>
                            <sc:Value>1</sc:Value>
                          </sc:values>
                        </sc:TaggedValue>
                      </sc:taggedValues>
                      <sc:sequenceNumber>1</sc:sequenceNumber>
                      <sc:typeId>5</sc:typeId>
                      <sc:typeName>Class1_T2</sc:typeName>
                      <sc:isAttribute>false</sc:isAttribute>
                      <sc:associationId>as1</sc:associationId>
                    </sc:Property>
                  </sc:properties>
                </sc:Class>
                <sc:Class>
                  <sc:name>Class1_T1</sc:name>
                  <sc:id>4</sc:id>
                  <sc:properties>
                    <sc:Property>
                      <sc:name>pAttT1</sc:name>
                      <sc:id>4_2</sc:id>
                      <sc:taggedValues>
                        <sc:TaggedValue>
                          <sc:name>inlineOrByReference</sc:name>
                          <sc:values>
                            <sc:Value>inlineOrByReference</sc:Value>
                          </sc:values>
                        </sc:TaggedValue>
                        <sc:TaggedValue>
                          <sc:name>isMetadata</sc:name>
                          <sc:values>
                            <sc:Value>false</sc:Value>
                          </sc:values>
                        </sc:TaggedValue>
                        <sc:TaggedValue>
                          <sc:name>sequenceNumber</sc:name>
                          <sc:values>
                            <sc:Value>1</sc:Value>
                          </sc:values>
                        </sc:TaggedValue>
                      </sc:taggedValues>
                      <sc:sequenceNumber>1</sc:sequenceNumber>
                      <sc:typeName>Boolean</sc:typeName>
                      <sc:isComposition>true</sc:isComposition>
                    </sc:Property>
                    <sc:Property>
                      <sc:name>pT1toT3</sc:name>
                      <sc:id>Tas4</sc:id>
                      <sc:taggedValues>
                        <sc:TaggedValue>
                          <sc:name>inlineOrByReference</sc:name>
                          <sc:values>
                            <sc:Value>inlineOrByReference</sc:Value>
                          </sc:values>
                        </sc:TaggedValue>
                        <sc:TaggedValue>
                          <sc:name>isMetadata</sc:name>
                          <sc:values>
                            <sc:Value>false</sc:Value>
                          </sc:values>
                        </sc:TaggedValue>
                        <sc:TaggedValue>
                          <sc:name>sequenceNumber</sc:name>
                          <sc:values>
                            <sc:Value>2</sc:Value>
                          </sc:values>
                        </sc:TaggedValue>
                      </sc:taggedValues>
                      <sc:sequenceNumber>2</sc:sequenceNumber>
                      <sc:typeId>6</sc:typeId>
                      <sc:typeName>Class1_T3</sc:typeName>
                      <sc:isAttribute>false</sc:isAttribute>
                      <sc:associationId>as4</sc:associationId>
                    </sc:Property>
                    <sc:Property>
                      <sc:name>pT1toT2</sc:name>
                      <sc:id>Tas3</sc:id>
                      <sc:taggedValues>
                        <sc:TaggedValue>
                          <sc:name>inlineOrByReference</sc:name>
                          <sc:values>
                            <sc:Value>inlineOrByReference</sc:Value>
                          </sc:values>
                        </sc:TaggedValue>
                        <sc:TaggedValue>
                          <sc:name>isFlatTarget</sc:name>
                          <sc:values>
                            <sc:Value>true</sc:Value>
                          </sc:values>
                        </sc:TaggedValue>
                        <sc:TaggedValue>
                          <sc:name>isMetadata</sc:name>
                          <sc:values>
                            <sc:Value>false</sc:Value>
                          </sc:values>
                        </sc:TaggedValue>
                        <sc:TaggedValue>
                          <sc:name>sequenceNumber</sc:name>
                          <sc:values>
                            <sc:Value>3</sc:Value>
                          </sc:values>
                        </sc:TaggedValue>
                      </sc:taggedValues>
                      <sc:sequenceNumber>3</sc:sequenceNumber>
                      <sc:typeId>5</sc:typeId>
                      <sc:typeName>Class1_T2</sc:typeName>
                      <sc:isAttribute>false</sc:isAttribute>
                      <sc:associationId>as3</sc:associationId>
                    </sc:Property>
                  </sc:properties>
                </sc:Class>
                <sc:Class>
                  <sc:name>Class1_T2</sc:name>
                  <sc:id>5</sc:id>
                  <sc:properties>
                    <sc:Property>
                      <sc:name>pAttT2</sc:name>
                      <sc:id>5_1</sc:id>
                      <sc:taggedValues>
                        <sc:TaggedValue>
                          <sc:name>inlineOrByReference</sc:name>
                          <sc:values>
                            <sc:Value>inlineOrByReference</sc:Value>
                          </sc:values>
                        </sc:TaggedValue>
                        <sc:TaggedValue>
                          <sc:name>isMetadata</sc:name>
                          <sc:values>
                            <sc:Value>false</sc:Value>
                          </sc:values>
                        </sc:TaggedValue>
                        <sc:TaggedValue>
                          <sc:name>sequenceNumber</sc:name>
                          <sc:values>
                            <sc:Value>1</sc:Value>
                          </sc:values>
                        </sc:TaggedValue>
                      </sc:taggedValues>
                      <sc:sequenceNumber>1</sc:sequenceNumber>
                      <sc:typeName>CharacterString</sc:typeName>
                      <sc:isComposition>true</sc:isComposition>
                    </sc:Property>
                    <sc:Property>
                      <sc:name>pT2toT3</sc:name>
                      <sc:id>Sas5</sc:id>
                      <sc:taggedValues>
                        <sc:TaggedValue>
                          <sc:name>inlineOrByReference</sc:name>
                          <sc:values>
                            <sc:Value>inlineOrByReference</sc:Value>
                          </sc:values>
                        </sc:TaggedValue>
                        <sc:TaggedValue>
                          <sc:name>isMetadata</sc:name>
                          <sc:values>
                            <sc:Value>false</sc:Value>
                          </sc:values>
                        </sc:TaggedValue>
                        <sc:TaggedValue>
                          <sc:name>sequenceNumber</sc:name>
                          <sc:values>
                            <sc:Value>2</sc:Value>
                          </sc:values>
                        </sc:TaggedValue>
                      </sc:taggedValues>
                      <sc:sequenceNumber>2</sc:sequenceNumber>
                      <sc:typeId>6</sc:typeId>
                      <sc:typeName>Class1_T3</sc:typeName>
                      <sc:isAttribute>false</sc:isAttribute>
                      <sc:associationId>as5</sc:associationId>
                    </sc:Property>
                    <sc:Property>
                      <sc:name>pT2toT1</sc:name>
                      <sc:id>Sas3</sc:id>
                      <sc:taggedValues>
                        <sc:TaggedValue>
                          <sc:name>inlineOrByReference</sc:name>
                          <sc:values>
                            <sc:Value>inlineOrByReference</sc:Value>
                          </sc:values>
                        </sc:TaggedValue>
                        <sc:TaggedValue>
                          <sc:name>isMetadata</sc:name>
                          <sc:values>
                            <sc:Value>false</sc:Value>
                          </sc:values>
                        </sc:TaggedValue>
                        <sc:TaggedValue>
                          <sc:name>sequenceNumber</sc:name>
                          <sc:values>
                            <sc:Value>3</sc:Value>
                          </sc:values>
                        </sc:TaggedValue>
                      </sc:taggedValues>
                      <sc:sequenceNumber>3</sc:sequenceNumber>
                      <sc:typeId>4</sc:typeId>
                      <sc:typeName>Class1_T1</sc:typeName>
                      <sc:isAttribute>false</sc:isAttribute>
                      <sc:associationId>as3</sc:associationId>
                    </sc:Property>
                  </sc:properties>
                </sc:Class>
                <sc:Class>
                  <sc:name>Class1_T3</sc:name>
                  <sc:id>6</sc:id>
                  <sc:properties>
                    <sc:Property>
                      <sc:name>propAttT3</sc:name>
                      <sc:id>6_3</sc:id>
                      <sc:taggedValues>
                        <sc:TaggedValue>
                          <sc:name>inlineOrByReference</sc:name>
                          <sc:values>
                            <sc:Value>inlineOrByReference</sc:Value>
                          </sc:values>
                        </sc:TaggedValue>
                        <sc:TaggedValue>
                          <sc:name>isMetadata</sc:name>
                          <sc:values>
                            <sc:Value>false</sc:Value>
                          </sc:values>
                        </sc:TaggedValue>
                        <sc:TaggedValue>
                          <sc:name>sequenceNumber</sc:name>
                          <sc:values>
                            <sc:Value>1</sc:Value>
                          </sc:values>
                        </sc:TaggedValue>
                      </sc:taggedValues>
                      <sc:sequenceNumber>1</sc:sequenceNumber>
                      <sc:typeName>Integer</sc:typeName>
                      <sc:isComposition>true</sc:isComposition>
                    </sc:Property>
                    <sc:Property>
                      <sc:name>pT3toT1</sc:name>
                      <sc:id>Sas4</sc:id>
                      <sc:taggedValues>
                        <sc:TaggedValue>
                          <sc:name>inlineOrByReference</sc:name>
                          <sc:values>
                            <sc:Value>inlineOrByReference</sc:Value>
                          </sc:values>
                        </sc:TaggedValue>
                        <sc:TaggedValue>
                          <sc:name>isFlatTarget</sc:name>
                          <sc:values>
                            <sc:Value>true</sc:Value>
                          </sc:values>
                        </sc:TaggedValue>
                        <sc:TaggedValue>
                          <sc:name>isMetadata</sc:name>
                          <sc:values>
                            <sc:Value>false</sc:Value>
                          </sc:values>
                        </sc:TaggedValue>
                        <sc:TaggedValue>
                          <sc:name>sequenceNumber</sc:name>
                          <sc:values>
                            <sc:Value>2</sc:Value>
                          </sc:values>
                        </sc:TaggedValue>
                      </sc:taggedValues>
                      <sc:sequenceNumber>2</sc:sequenceNumber>
                      <sc:typeId>4</sc:typeId>
                      <sc:typeName>Class1_T1</sc:typeName>
                      <sc:isAttribute>false</sc:isAttribute>
                      <sc:associationId>as4</sc:associationId>
                    </sc:Property>
                    <sc:Property>
                      <sc:name>pT3toT2</sc:name>
                      <sc:id>Tas5</sc:id>
                      <sc:taggedValues>
                        <sc:TaggedValue>
                          <sc:name>inlineOrByReference</sc:name>
                          <sc:values>
                            <sc:Value>inlineOrByReference</sc:Value>
                          </sc:values>
                        </sc:TaggedValue>
                        <sc:TaggedValue>
                          <sc:name>isFlatTarget</sc:name>
                          <sc:values>
                            <sc:Value>true</sc:Value>
                          </sc:values>
                        </sc:TaggedValue>
                        <sc:TaggedValue>
                          <sc:name>isMetadata</sc:name>
                          <sc:values>
                            <sc:Value>false</sc:Value>
                          </sc:values>
                        </sc:TaggedValue>
                        <sc:TaggedValue>
                          <sc:name>sequenceNumber</sc:name>
                          <sc:values>
                            <sc:Value>3</sc:Value>
                          </sc:values>
                        </sc:TaggedValue>
                      </sc:taggedValues>
                      <sc:sequenceNumber>3</sc:sequenceNumber>
                      <sc:typeId>5</sc:typeId>
                      <sc:typeName>Class1_T2</sc:typeName>
                      <sc:isAttribute>false</sc:isAttribute>
                      <sc:associationId>as5</sc:associationId>
                    </sc:Property>
                  </sc:properties>
                </sc:Class>
              </sc:classes>
            </sc:Package>
            <sc:Package>
              <sc:name>Test2</sc:name>
              <sc:id>P4</sc:id>
              <sc:stereotypes>
                <sc:Stereotype>application schema</sc:Stereotype>
              </sc:stereotypes>
              <sc:taggedValues>
                <sc:TaggedValue>
                  <sc:name>gmlProfileSchema</sc:name>
                </sc:TaggedValue>
                <sc:TaggedValue>
                  <sc:name>targetNamespace</sc:name>
                  <sc:values>
                    <sc:Value>http://shapechange.net/test/flattening/cycles/test2</sc:Value>
                  </sc:values>
                </sc:TaggedValue>
                <sc:TaggedValue>
                  <sc:name>version</sc:name>
                  <sc:values>
                    <sc:Value>1.0</sc:Value>
                  </sc:values>
                </sc:TaggedValue>
                <sc:TaggedValue>
                  <sc:name>xmlns</sc:name>
                  <sc:values>
                    <sc:Value>flat2</sc:Value>
                  </sc:values>
                </sc:TaggedValue>
                <sc:TaggedValue>
                  <sc:name>xsdDocument</sc:name>
                  <sc:values>
                    <sc:Value>flatCycles2.xsd</sc:Value>
                  </sc:values>
                </sc:TaggedValue>
              </sc:taggedValues>
              <sc:classes>
                <sc:Class>
                  <sc:name>Class2_T1</sc:name>
                  <sc:id>10</sc:id>
                  <sc:stereotypes>
                    <sc:Stereotype>type</sc:Stereotype>
                  </sc:stereotypes>
                  <sc:taggedValues>
                    <sc:TaggedValue>
                      <sc:name>byValuePropertyType</sc:name>
                      <sc:values>
                        <sc:Value>false</sc:Value>
                      </sc:values>
                    </sc:TaggedValue>
                    <sc:TaggedValue>
                      <sc:name>gmlMixin</sc:name>
                      <sc:values>
                        <sc:Value>false</sc:Value>
                      </sc:values>
                    </sc:TaggedValue>
                    <sc:TaggedValue>
                      <sc:name>isCollection</sc:name>
                      <sc:values>
                        <sc:Value>false</sc:Value>
                      </sc:values>
                    </sc:TaggedValue>
                    <sc:TaggedValue>
                      <sc:name>noPropertyType</sc:name>
                      <sc:values>
                        <sc:Value>false</sc:Value>
                      </sc:values>
                    </sc:TaggedValue>
                    <sc:TaggedValue>
                      <sc:name>xmlSchemaType</sc:name>
                    </sc:TaggedValue>
                  </sc:taggedValues>
                  <sc:supertypes>
                    <sc:SupertypeId>19</sc:SupertypeId>
                  </sc:supertypes>
                  <sc:properties>
                    <sc:Property>
                      <sc:name>p1</sc:name>
                      <sc:id>10_4</sc:id>
                      <sc:taggedValues>
                        <sc:TaggedValue>
                          <sc:name>inlineOrByReference</sc:name>
                          <sc:values>
                            <sc:Value>inlineOrByReference</sc:Value>
                          </sc:values>
                        </sc:TaggedValue>
                        <sc:TaggedValue>
                          <sc:name>isMetadata</sc:name>
                          <sc:values>
                            <sc:Value>false</sc:Value>
                          </sc:values>
                        </sc:TaggedValue>
                        <sc:TaggedValue>
                          <sc:name>sequenceNumber</sc:name>
                          <sc:values>
                            <sc:Value>1</sc:Value>
                          </sc:values>
                        </sc:TaggedValue>
                      </sc:taggedValues>
                      <sc:sequenceNumber>1</sc:sequenceNumber>
                      <sc:typeName>CharacterString</sc:typeName>
                      <sc:isComposition>true</sc:isComposition>
                    </sc:Property>
                    <sc:Property>
                      <sc:name>p2</sc:name>
                      <sc:id>10_5</sc:id>
                      <sc:taggedValues>
                        <sc:TaggedValue>
                          <sc:name>inlineOrByReference</sc:name>
                          <sc:values>
                            <sc:Value>inlineOrByReference</sc:Value>
                          </sc:values>
                        </sc:TaggedValue>
                        <sc:TaggedValue>
                          <sc:name>isMetadata</sc:name>
                          <sc:values>
                            <sc:Value>false</sc:Value>
                          </sc:values>
                        </sc:TaggedValue>
                        <sc:TaggedValue>
                          <sc:name>sequenceNumber</sc:name>
                          <sc:values>
                            <sc:Value>2</sc:Value>
                          </sc:values>
                        </sc:TaggedValue>
                      </sc:taggedValues>
                      <sc:sequenceNumber>2</sc:sequenceNumber>
                      <sc:typeName>Boolean</sc:typeName>
                      <sc:isComposition>true</sc:isComposition>
                    </sc:Property>
                    <sc:Property>
                      <sc:name>pT1</sc:name>
                      <sc:id>Sas9</sc:id>
                      <sc:taggedValues>
                        <sc:TaggedValue>
                          <sc:name>inlineOrByReference</sc:name>
                          <sc:values>
                            <sc:Value>inlineOrByReference</sc:Value>
                          </sc:values>
                        </sc:TaggedValue>
                        <sc:TaggedValue>
                          <sc:name>isMetadata</sc:name>
                          <sc:values>
                            <sc:Value>false</sc:Value>
                          </sc:values>
                        </sc:TaggedValue>
                        <sc:TaggedValue>
                          <sc:name>sequenceNumber</sc:name>
                          <sc:values>
                            <sc:Value>3</sc:Value>
                          </sc:values>
                        </sc:TaggedValue>
                      </sc:taggedValues>
                      <sc:sequenceNumber>3</sc:sequenceNumber>
                      <sc:typeId>9</sc:typeId>
                      <sc:typeName>Class2_FT1</sc:typeName>
                      <sc:isAttribute>false</sc:isAttribute>
                      <sc:associationId>as9</sc:associationId>
                    </sc:Property>
                    <sc:Property>
                      <sc:name>p4Part</sc:name>
                      <sc:id>Sas11</sc:id>
                      <sc:taggedValues>
                        <sc:TaggedValue>
                          <sc:name>inlineOrByReference</sc:name>
                          <sc:values>
                            <sc:Value>inlineOrByReference</sc:Value>
                          </sc:values>
                        </sc:TaggedValue>
                        <sc:TaggedValue>
                          <sc:name>isMetadata</sc:name>
                          <sc:values>
                            <sc:Value>false</sc:Value>
                          </sc:values>
                        </sc:TaggedValue>
                        <sc:TaggedValue>
                          <sc:name>sequenceNumber</sc:name>
                          <sc:values>
                            <sc:Value>4</sc:Value>
                          </sc:values>
                        </sc:TaggedValue>
                      </sc:taggedValues>
                      <sc:sequenceNumber>4</sc:sequenceNumber>
                      <sc:typeId>10</sc:typeId>
                      <sc:typeName>Class2_T1</sc:typeName>
                      <sc:isAttribute>false</sc:isAttribute>
                      <sc:isAggregation>true</sc:isAggregation>
                      <sc:associationId>as11</sc:associationId>
                    </sc:Property>
                    <sc:Property>
                      <sc:name>p5Whole</sc:name>
                      <sc:id>Tas11</sc:id>
                      <sc:taggedValues>
                        <sc:TaggedValue>
                          <sc:name>inlineOrByReference</sc:name>
                          <sc:values>
                            <sc:Value>inlineOrByReference</sc:Value>
                          </sc:values>
                        </sc:TaggedValue>
                        <sc:TaggedValue>
                          <sc:name>isMetadata</sc:name>
                          <sc:values>
                            <sc:Value>false</sc:Value>
                          </sc:values>
                        </sc:TaggedValue>
                        <sc:TaggedValue>
                          <sc:name>sequenceNumber</sc:name>
                          <sc:values>
                            <sc:Value>5</sc:Value>
                          </sc:values>
                        </sc:TaggedValue>
                      </sc:taggedValues>
                      <sc:sequenceNumber>5</sc:sequenceNumber>
                      <sc:typeId>10</sc:typeId>
                      <sc:typeName>Class2_T1</sc:typeName>
                      <sc:isAttribute>false</sc:isAttribute>
                      <sc:associationId>as11</sc:associationId>
                    </sc:Property>
                    <sc:Property>
                      <sc:name>p6</sc:name>
                      <sc:id>10_6</sc:id>
                      <sc:taggedValues>
                        <sc:TaggedValue>
                          <sc:name>inlineOrByReference</sc:name>
                          <sc:values>
                            <sc:Value>inlineOrByReference</sc:Value>
                          </sc:values>
                        </sc:TaggedValue>
                        <sc:TaggedValue>
                          <sc:name>isMetadata</sc:name>
                          <sc:values>
                            <sc:Value>false</sc:Value>
                          </sc:values>
                        </sc:TaggedValue>
                        <sc:TaggedValue>
                          <sc:name>sequenceNumber</sc:name>
                          <sc:values>
                            <sc:Value>6</sc:Value>
                          </sc:values>
                        </sc:TaggedValue>
                      </sc:taggedValues>
                      <sc:sequenceNumber>6</sc:sequenceNumber>
                      <sc:typeId>10</sc:typeId>
                      <sc:typeName>Class2_T1</sc:typeName>
                      <sc:isComposition>true</sc:isComposition>
                    </sc:Property>
                    <sc:Property>
                      <sc:name>p7</sc:name>
                      <sc:id>Tas20</sc:id>
                      <sc:taggedValues>
                        <sc:TaggedValue>
                          <sc:name>inlineOrByReference</sc:name>
                          <sc:values>
                            <sc:Value>inlineOrByReference</sc:Value>
                          </sc:values>
                        </sc:TaggedValue>
                        <sc:TaggedValue>
                          <sc:name>isMetadata</sc:name>
                          <sc:values>
                            <sc:Value>false</sc:Value>
                          </sc:values>
                        </sc:TaggedValue>
                        <sc:TaggedValue>
                          <sc:name>sequenceNumber</sc:name>
                          <sc:values>
                            <sc:Value>7</sc:Value>
                          </sc:values>
                        </sc:TaggedValue>
                      </sc:taggedValues>
                      <sc:sequenceNumber>7</sc:sequenceNumber>
                      <sc:typeId>19</sc:typeId>
                      <sc:typeName>Class2_T2</sc:typeName>
                      <sc:isAttribute>false</sc:isAttribute>
                      <sc:associationId>as20</sc:associationId>
                    </sc:Property>
                  </sc:properties>
                </sc:Class>
                <sc:Class>
                  <sc:name>Class2_T2</sc:name>
                  <sc:id>19</sc:id>
                  <sc:stereotypes>
                    <sc:Stereotype>type</sc:Stereotype>
                  </sc:stereotypes>
                  <sc:taggedValues>
                    <sc:TaggedValue>
                      <sc:name>byValuePropertyType</sc:name>
                      <sc:values>
                        <sc:Value>false</sc:Value>
                      </sc:values>
                    </sc:TaggedValue>
                    <sc:TaggedValue>
                      <sc:name>gmlMixin</sc:name>
                      <sc:values>
                        <sc:Value>false</sc:Value>
                      </sc:values>
                    </sc:TaggedValue>
                    <sc:TaggedValue>
                      <sc:name>isCollection</sc:name>
                      <sc:values>
                        <sc:Value>false</sc:Value>
                      </sc:values>
                    </sc:TaggedValue>
                    <sc:TaggedValue>
                      <sc:name>noPropertyType</sc:name>
                      <sc:values>
                        <sc:Value>false</sc:Value>
                      </sc:values>
                    </sc:TaggedValue>
                    <sc:TaggedValue>
                      <sc:name>xmlSchemaType</sc:name>
                    </sc:TaggedValue>
                  </sc:taggedValues>
                  <sc:subtypes>
                    <sc:SubtypeId>10</sc:SubtypeId>
                  </sc:subtypes>
                </sc:Class>
                <sc:Class>
                  <sc:name>Class2_FT1</sc:name>
                  <sc:id>9</sc:id>
                  <sc:stereotypes>
                    <sc:Stereotype>featuretype</sc:Stereotype>
                  </sc:stereotypes>
                  <sc:taggedValues>
                    <sc:TaggedValue>
                      <sc:name>byValuePropertyType</sc:name>
                      <sc:values>
                        <sc:Value>false</sc:Value>
                      </sc:values>
                    </sc:TaggedValue>
                    <sc:TaggedValue>
                      <sc:name>gmlMixin</sc:name>
                      <sc:values>
                        <sc:Value>false</sc:Value>
                      </sc:values>
                    </sc:TaggedValue>
                    <sc:TaggedValue>
                      <sc:name>isCollection</sc:name>
                      <sc:values>
                        <sc:Value>false</sc:Value>
                      </sc:values>
                    </sc:TaggedValue>
                    <sc:TaggedValue>
                      <sc:name>noPropertyType</sc:name>
                      <sc:values>
                        <sc:Value>false</sc:Value>
                      </sc:values>
                    </sc:TaggedValue>
                  </sc:taggedValues>
                  <sc:properties>
                    <sc:Property>
                      <sc:name>pFT1</sc:name>
                      <sc:id>Tas9</sc:id>
                      <sc:taggedValues>
                        <sc:TaggedValue>
                          <sc:name>inlineOrByReference</sc:name>
                          <sc:values>
                            <sc:Value>inlineOrByReference</sc:Value>
                          </sc:values>
                        </sc:TaggedValue>
                        <sc:TaggedValue>
                          <sc:name>isMetadata</sc:name>
                          <sc:values>
                            <sc:Value>false</sc:Value>
                          </sc:values>
                        </sc:TaggedValue>
                        <sc:TaggedValue>
                          <sc:name>sequenceNumber</sc:name>
                          <sc:values>
                            <sc:Value>1</sc:Value>
                          </sc:values>
                        </sc:TaggedValue>
                      </sc:taggedValues>
                      <sc:sequenceNumber>1</sc:sequenceNumber>
                      <sc:typeId>10</sc:typeId>
                      <sc:typeName>Class2_T1</sc:typeName>
                      <sc:isAttribute>false</sc:isAttribute>
                      <sc:associationId>as9</sc:associationId>
                    </sc:Property>
                  </sc:properties>
                </sc:Class>
              </sc:classes>
            </sc:Package>
            <sc:Package>
              <sc:name>Test3</sc:name>
              <sc:id>P5</sc:id>
              <sc:stereotypes>
                <sc:Stereotype>application schema</sc:Stereotype>
              </sc:stereotypes>
              <sc:taggedValues>
                <sc:TaggedValue>
                  <sc:name>gmlProfileSchema</sc:name>
                </sc:TaggedValue>
                <sc:TaggedValue>
                  <sc:name>targetNamespace</sc:name>
                  <sc:values>
                    <sc:Value>http://shapechange.net/test/flattening/cycles/test3</sc:Value>
                  </sc:values>
                </sc:TaggedValue>
                <sc:TaggedValue>
                  <sc:name>version</sc:name>
                  <sc:values>
                    <sc:Value>1.0</sc:Value>
                  </sc:values>
                </sc:TaggedValue>
                <sc:TaggedValue>
                  <sc:name>xmlns</sc:name>
                  <sc:values>
                    <sc:Value>flat3</sc:Value>
                  </sc:values>
                </sc:TaggedValue>
                <sc:TaggedValue>
                  <sc:name>xsdDocument</sc:name>
                  <sc:values>
                    <sc:Value>flatCycles3.xsd</sc:Value>
                  </sc:values>
                </sc:TaggedValue>
              </sc:taggedValues>
              <sc:classes>
                <sc:Class>
                  <sc:name>Class3_FT1</sc:name>
                  <sc:id>13</sc:id>
                  <sc:stereotypes>
                    <sc:Stereotype>featuretype</sc:Stereotype>
                  </sc:stereotypes>
                  <sc:taggedValues>
                    <sc:TaggedValue>
                      <sc:name>byValuePropertyType</sc:name>
                      <sc:values>
                        <sc:Value>false</sc:Value>
                      </sc:values>
                    </sc:TaggedValue>
                    <sc:TaggedValue>
                      <sc:name>gmlMixin</sc:name>
                      <sc:values>
                        <sc:Value>false</sc:Value>
                      </sc:values>
                    </sc:TaggedValue>
                    <sc:TaggedValue>
                      <sc:name>isCollection</sc:name>
                      <sc:values>
                        <sc:Value>false</sc:Value>
                      </sc:values>
                    </sc:TaggedValue>
                    <sc:TaggedValue>
                      <sc:name>noPropertyType</sc:name>
                      <sc:values>
                        <sc:Value>false</sc:Value>
                      </sc:values>
                    </sc:TaggedValue>
                  </sc:taggedValues>
                  <sc:properties>
                    <sc:Property>
                      <sc:name>p1</sc:name>
                      <sc:id>Tas15</sc:id>
                      <sc:taggedValues>
                        <sc:TaggedValue>
                          <sc:name>inlineOrByReference</sc:name>
                          <sc:values>
                            <sc:Value>inlineOrByReference</sc:Value>
                          </sc:values>
                        </sc:TaggedValue>
                        <sc:TaggedValue>
                          <sc:name>isMetadata</sc:name>
                          <sc:values>
                            <sc:Value>false</sc:Value>
                          </sc:values>
                        </sc:TaggedValue>
                        <sc:TaggedValue>
                          <sc:name>sequenceNumber</sc:name>
                          <sc:values>
                            <sc:Value>1</sc:Value>
                          </sc:values>
                        </sc:TaggedValue>
                      </sc:taggedValues>
                      <sc:sequenceNumber>1</sc:sequenceNumber>
                      <sc:typeId>15</sc:typeId>
                      <sc:typeName>Class3_T1</sc:typeName>
                      <sc:isAttribute>false</sc:isAttribute>
                      <sc:associationId>as15</sc:associationId>
                    </sc:Property>
                  </sc:properties>
                </sc:Class>
                <sc:Class>
                  <sc:name>Class3_FT2</sc:name>
                  <sc:id>14</sc:id>
                  <sc:stereotypes>
                    <sc:Stereotype>featuretype</sc:Stereotype>
                  </sc:stereotypes>
                  <sc:taggedValues>
                    <sc:TaggedValue>
                      <sc:name>byValuePropertyType</sc:name>
                      <sc:values>
                        <sc:Value>false</sc:Value>
                      </sc:values>
                    </sc:TaggedValue>
                    <sc:TaggedValue>
                      <sc:name>gmlMixin</sc:name>
                      <sc:values>
                        <sc:Value>false</sc:Value>
                      </sc:values>
                    </sc:TaggedValue>
                    <sc:TaggedValue>
                      <sc:name>isCollection</sc:name>
                      <sc:values>
                        <sc:Value>false</sc:Value>
                      </sc:values>
                    </sc:TaggedValue>
                    <sc:TaggedValue>
                      <sc:name>noPropertyType</sc:name>
                      <sc:values>
                        <sc:Value>false</sc:Value>
                      </sc:values>
                    </sc:TaggedValue>
                  </sc:taggedValues>
                  <sc:properties>
                    <sc:Property>
                      <sc:name>p1</sc:name>
                      <sc:id>Tas16</sc:id>
                      <sc:taggedValues>
                        <sc:TaggedValue>
                          <sc:name>inlineOrByReference</sc:name>
                          <sc:values>
                            <sc:Value>inlineOrByReference</sc:Value>
                          </sc:values>
                        </sc:TaggedValue>
                        <sc:TaggedValue>
                          <sc:name>isMetadata</sc:name>
                          <sc:values>
                            <sc:Value>false</sc:Value>
                          </sc:values>
                        </sc:TaggedValue>
                        <sc:TaggedValue>
                          <sc:name>sequenceNumber</sc:name>
                          <sc:values>
                            <sc:Value>1</sc:Value>
                          </sc:values>
                        </sc:TaggedValue>
                      </sc:taggedValues>
                      <sc:sequenceNumber>1</sc:sequenceNumber>
                      <sc:typeId>16</sc:typeId>
                      <sc:typeName>Class3_T2</sc:typeName>
                      <sc:isAttribute>false</sc:isAttribute>
                      <sc:associationId>as16</sc:associationId>
                    </sc:Property>
                  </sc:properties>
                </sc:Class>
                <sc:Class>
                  <sc:name>Class3_T1</sc:name>
                  <sc:id>15</sc:id>
                  <sc:stereotypes>
                    <sc:Stereotype>type</sc:Stereotype>
                  </sc:stereotypes>
                  <sc:taggedValues>
                    <sc:TaggedValue>
                      <sc:name>byValuePropertyType</sc:name>
                      <sc:values>
                        <sc:Value>false</sc:Value>
                      </sc:values>
                    </sc:TaggedValue>
                    <sc:TaggedValue>
                      <sc:name>gmlMixin</sc:name>
                      <sc:values>
                        <sc:Value>false</sc:Value>
                      </sc:values>
                    </sc:TaggedValue>
                    <sc:TaggedValue>
                      <sc:name>isCollection</sc:name>
                      <sc:values>
                        <sc:Value>false</sc:Value>
                      </sc:values>
                    </sc:TaggedValue>
                    <sc:TaggedValue>
                      <sc:name>noPropertyType</sc:name>
                      <sc:values>
                        <sc:Value>false</sc:Value>
                      </sc:values>
                    </sc:TaggedValue>
                    <sc:TaggedValue>
                      <sc:name>xmlSchemaType</sc:name>
                    </sc:TaggedValue>
                  </sc:taggedValues>
                  <sc:isAbstract>true</sc:isAbstract>
                  <sc:subtypes>
                    <sc:SubtypeId>17</sc:SubtypeId>
                    <sc:SubtypeId>18</sc:SubtypeId>
                  </sc:subtypes>
                  <sc:properties>
                    <sc:Property>
                      <sc:name>p1</sc:name>
                      <sc:id>15_7</sc:id>
                      <sc:taggedValues>
                        <sc:TaggedValue>
                          <sc:name>inlineOrByReference</sc:name>
                          <sc:values>
                            <sc:Value>inlineOrByReference</sc:Value>
                          </sc:values>
                        </sc:TaggedValue>
                        <sc:TaggedValue>
                          <sc:name>isMetadata</sc:name>
                          <sc:values>
                            <sc:Value>false</sc:Value>
                          </sc:values>
                        </sc:TaggedValue>
                        <sc:TaggedValue>
                          <sc:name>sequenceNumber</sc:name>
                          <sc:values>
                            <sc:Value>1</sc:Value>
                          </sc:values>
                        </sc:TaggedValue>
                      </sc:taggedValues>
                      <sc:sequenceNumber>1</sc:sequenceNumber>
                      <sc:typeName>Boolean</sc:typeName>
                      <sc:isComposition>true</sc:isComposition>
                    </sc:Property>
                    <sc:Property>
                      <sc:name>p2</sc:name>
                      <sc:id>Tas17</sc:id>
                      <sc:taggedValues>
                        <sc:TaggedValue>
                          <sc:name>inlineOrByReference</sc:name>
                          <sc:values>
                            <sc:Value>inlineOrByReference</sc:Value>
                          </sc:values>
                        </sc:TaggedValue>
                        <sc:TaggedValue>
                          <sc:name>isFlatTarget</sc:name>
                        </sc:TaggedValue>
                        <sc:TaggedValue>
                          <sc:name>isMetadata</sc:name>
                          <sc:values>
                            <sc:Value>false</sc:Value>
                          </sc:values>
                        </sc:TaggedValue>
                        <sc:TaggedValue>
                          <sc:name>sequenceNumber</sc:name>
                          <sc:values>
                            <sc:Value>2</sc:Value>
                          </sc:values>
                        </sc:TaggedValue>
                      </sc:taggedValues>
                      <sc:sequenceNumber>2</sc:sequenceNumber>
                      <sc:typeId>16</sc:typeId>
                      <sc:typeName>Class3_T2</sc:typeName>
                      <sc:isAttribute>false</sc:isAttribute>
                      <sc:associationId>as17</sc:associationId>
                    </sc:Property>
                  </sc:properties>
                </sc:Class>
                <sc:Class>
                  <sc:name>Class3_T2</sc:name>
                  <sc:id>16</sc:id>
                  <sc:stereotypes>
                    <sc:Stereotype>type</sc:Stereotype>
                  </sc:stereotypes>
                  <sc:taggedValues>
                    <sc:TaggedValue>
                      <sc:name>byValuePropertyType</sc:name>
                      <sc:values>
                        <sc:Value>false</sc:Value>
                      </sc:values>
                    </sc:TaggedValue>
                    <sc:TaggedValue>
                      <sc:name>gmlMixin</sc:name>
                      <sc:values>
                        <sc:Value>false</sc:Value>
                      </sc:values>
                    </sc:TaggedValue>
                    <sc:TaggedValue>
                      <sc:name>isCollection</sc:name>
                      <sc:values>
                        <sc:Value>false</sc:Value>
                      </sc:values>
                    </sc:TaggedValue>
                    <sc:TaggedValue>
                      <sc:name>noPropertyType</sc:name>
                      <sc:values>
                        <sc:Value>false</sc:Value>
                      </sc:values>
                    </sc:TaggedValue>
                    <sc:TaggedValue>
                      <sc:name>xmlSchemaType</sc:name>
                    </sc:TaggedValue>
                  </sc:taggedValues>
                  <sc:properties>
                    <sc:Property>
                      <sc:name>p1</sc:name>
                      <sc:id>16_8</sc:id>
                      <sc:taggedValues>
                        <sc:TaggedValue>
                          <sc:name>inlineOrByReference</sc:name>
                          <sc:values>
                            <sc:Value>inlineOrByReference</sc:Value>
                          </sc:values>
                        </sc:TaggedValue>
                        <sc:TaggedValue>
                          <sc:name>isMetadata</sc:name>
                          <sc:values>
                            <sc:Value>false</sc:Value>
                          </sc:values>
                        </sc:TaggedValue>
                        <sc:TaggedValue>
                          <sc:name>sequenceNumber</sc:name>
                          <sc:values>
                            <sc:Value>1</sc:Value>
                          </sc:values>
                        </sc:TaggedValue>
                      </sc:taggedValues>
                      <sc:sequenceNumber>1</sc:sequenceNumber>
                      <sc:typeName>Integer</sc:typeName>
                      <sc:isComposition>true</sc:isComposition>
                    </sc:Property>
                    <sc:Property>
                      <sc:name>p2</sc:name>
                      <sc:id>Sas17</sc:id>
                      <sc:taggedValues>
                        <sc:TaggedValue>
                          <sc:name>inlineOrByReference</sc:name>
                          <sc:values>
                            <sc:Value>inlineOrByReference</sc:Value>
                          </sc:values>
                        </sc:TaggedValue>
                        <sc:TaggedValue>
                          <sc:name>isFlatTarget</sc:name>
                          <sc:values>
                            <sc:Value>True</sc:Value>
                          </sc:values>
                        </sc:TaggedValue>
                        <sc:TaggedValue>
                          <sc:name>isMetadata</sc:name>
                          <sc:values>
                            <sc:Value>false</sc:Value>
                          </sc:values>
                        </sc:TaggedValue>
                        <sc:TaggedValue>
                          <sc:name>sequenceNumber</sc:name>
                          <sc:values>
                            <sc:Value>2</sc:Value>
                          </sc:values>
                        </sc:TaggedValue>
                      </sc:taggedValues>
                      <sc:cardinality>1..*</sc:cardinality>
                      <sc:sequenceNumber>2</sc:sequenceNumber>
                      <sc:typeId>15</sc:typeId>
                      <sc:typeName>Class3_T1</sc:typeName>
                      <sc:isAttribute>false</sc:isAttribute>
                      <sc:associationId>as17</sc:associationId>
                    </sc:Property>
                  </sc:properties>
                </sc:Class>
                <sc:Class>
                  <sc:name>Class3_T1Sub1</sc:name>
                  <sc:id>17</sc:id>
                  <sc:stereotypes>
                    <sc:Stereotype>type</sc:Stereotype>
                  </sc:stereotypes>
                  <sc:taggedValues>
                    <sc:TaggedValue>
                      <sc:name>byValuePropertyType</sc:name>
                      <sc:values>
                        <sc:Value>false</sc:Value>
                      </sc:values>
                    </sc:TaggedValue>
                    <sc:TaggedValue>
                      <sc:name>gmlMixin</sc:name>
                      <sc:values>
                        <sc:Value>false</sc:Value>
                      </sc:values>
                    </sc:TaggedValue>
                    <sc:TaggedValue>
                      <sc:name>isCollection</sc:name>
                      <sc:values>
                        <sc:Value>false</sc:Value>
                      </sc:values>
                    </sc:TaggedValue>
                    <sc:TaggedValue>
                      <sc:name>noPropertyType</sc:name>
                      <sc:values>
                        <sc:Value>false</sc:Value>
                      </sc:values>
                    </sc:TaggedValue>
                    <sc:TaggedValue>
                      <sc:name>xmlSchemaType</sc:name>
                    </sc:TaggedValue>
                  </sc:taggedValues>
                  <sc:supertypes>
                    <sc:SupertypeId>15</sc:SupertypeId>
                  </sc:supertypes>
                </sc:Class>
                <sc:Class>
                  <sc:name>Class3_T1Sub2</sc:name>
                  <sc:id>18</sc:id>
                  <sc:stereotypes>
                    <sc:Stereotype>type</sc:Stereotype>
                  </sc:stereotypes>
                  <sc:taggedValues>
                    <sc:TaggedValue>
                      <sc:name>byValuePropertyType</sc:name>
                      <sc:values>
                        <sc:Value>false</sc:Value>
                      </sc:values>
                    </sc:TaggedValue>
                    <sc:TaggedValue>
                      <sc:name>gmlMixin</sc:name>
                      <sc:values>
                        <sc:Value>false</sc:Value>
                      </sc:values>
                    </sc:TaggedValue>
                    <sc:TaggedValue>
                      <sc:name>isCollection</sc:name>
                      <sc:values>
                        <sc:Value>false</sc:Value>
                      </sc:values>
                    </sc:TaggedValue>
                    <sc:TaggedValue>
                      <sc:name>noPropertyType</sc:name>
                      <sc:values>
                        <sc:Value>false</sc:Value>
                      </sc:values>
                    </sc:TaggedValue>
                    <sc:TaggedValue>
                      <sc:name>xmlSchemaType</sc:name>
                    </sc:TaggedValue>
                  </sc:taggedValues>
                  <sc:supertypes>
                    <sc:SupertypeId>15</sc:SupertypeId>
                  </sc:supertypes>
                </sc:Class>
              </sc:classes>
            </sc:Package>
          </sc:packages>
        </sc:Package>
      </sc:packages>
    </sc:Package>
  </sc:packages>
  <sc:associations>
    <sc:Association>
      <sc:name>Class1_FT1_Class1_T2</sc:name>
      <sc:id>as1</sc:id>
      <sc:end1>
        <sc:Property>
          <sc:name>role_Sas1</sc:name>
          <sc:id>Sas1</sc:id>
          <sc:isNavigable>false</sc:isNavigable>
          <sc:sequenceNumber>-536870221</sc:sequenceNumber>
          <sc:typeId>3</sc:typeId>
          <sc:typeName>Class1_FT1</sc:typeName>
          <sc:isAttribute>false</sc:isAttribute>
          <sc:inClassId>5</sc:inClassId>
          <sc:associationId>as1</sc:associationId>
        </sc:Property>
      </sc:end1>
      <sc:end2 ref="Tas1"></sc:end2>
    </sc:Association>
    <sc:Association>
      <sc:name>Class2_T1_Class2_T1</sc:name>
      <sc:id>as11</sc:id>
      <sc:end1 ref="Sas11"></sc:end1>
      <sc:end2 ref="Tas11"></sc:end2>
    </sc:Association>
    <sc:Association>
      <sc:name>Class3_FT1_Class3_T1</sc:name>
      <sc:id>as15</sc:id>
      <sc:end1>
        <sc:Property>
          <sc:name>role_Sas15</sc:name>
          <sc:id>Sas15</sc:id>
          <sc:isNavigable>false</sc:isNavigable>
          <sc:sequenceNumber>-536870223</sc:sequenceNumber>
          <sc:typeId>13</sc:typeId>
          <sc:typeName>Class3_FT1</sc:typeName>
          <sc:isAttribute>false</sc:isAttribute>
          <sc:inClassId>15</sc:inClassId>
          <sc:associationId>as15</sc:associationId>
        </sc:Property>
      </sc:end1>
      <sc:end2 ref="Tas15"></sc:end2>
    </sc:Association>
    <sc:Association>
      <sc:name>Class3_FT2_Class3_T2</sc:name>
      <sc:id>as16</sc:id>
      <sc:end1>
        <sc:Property>
          <sc:name>role_Sas16</sc:name>
          <sc:id>Sas16</sc:id>
          <sc:isNavigable>false</sc:isNavigable>
          <sc:sequenceNumber>-536870222</sc:sequenceNumber>
          <sc:typeId>14</sc:typeId>
          <sc:typeName>Class3_FT2</sc:typeName>
          <sc:isAttribute>false</sc:isAttribute>
          <sc:inClassId>16</sc:inClassId>
          <sc:associationId>as16</sc:associationId>
        </sc:Property>
      </sc:end1>
      <sc:end2 ref="Tas16"></sc:end2>
    </sc:Association>
    <sc:Association>
      <sc:name>Class3_T1_Class3_T2</sc:name>
      <sc:id>as17</sc:id>
      <sc:end1 ref="Sas17"></sc:end1>
      <sc:end2 ref="Tas17"></sc:end2>
    </sc:Association>
    <sc:Association>
      <sc:name>Class2_T1_Class2_T2</sc:name>
      <sc:id>as20</sc:id>
      <sc:end1>
        <sc:Property>
          <sc:name>role_Sas20</sc:name>
          <sc:id>Sas20</sc:id>
          <sc:isNavigable>false</sc:isNavigable>
          <sc:sequenceNumber>-536870224</sc:sequenceNumber>
          <sc:typeId>10</sc:typeId>
          <sc:typeName>Class2_T1</sc:typeName>
          <sc:isAttribute>false</sc:isAttribute>
          <sc:inClassId>19</sc:inClassId>
          <sc:associationId>as20</sc:associationId>
        </sc:Property>
      </sc:end1>
      <sc:end2 ref="Tas20"></sc:end2>
    </sc:Association>
    <sc:Association>
      <sc:name>Class1_T1_Class1_T2</sc:name>
      <sc:id>as3</sc:id>
      <sc:end1 ref="Sas3"></sc:end1>
      <sc:end2 ref="Tas3"></sc:end2>
    </sc:Association>
    <sc:Association>
      <sc:name>Class1_T1_Class1_T3</sc:name>
      <sc:id>as4</sc:id>
      <sc:end1 ref="Sas4"></sc:end1>
      <sc:end2 ref="Tas4"></sc:end2>
    </sc:Association>
    <sc:Association>
      <sc:name>Class1_T3_Class1_T2</sc:name>
      <sc:id>as5</sc:id>
      <sc:end1 ref="Sas5"></sc:end1>
      <sc:end2 ref="Tas5"></sc:end2>
    </sc:Association>
    <sc:Association>
      <sc:name>Class2_FT1_Class2_T1</sc:name>
      <sc:id>as9</sc:id>
      <sc:end1 ref="Sas9"></sc:end1>
      <sc:end2 ref="Tas9"></sc:end2>
    </sc:Association>
  </sc:associations>
</sc:Model>