<?xml version="1.0" encoding="Windows-1252"?>
<sc:Model xsi:schemaLocation="http://shapechange.net/model http://shapechange.net/resources/schema/ShapeChangeExportedModel.xsd" encoding="Windows-1252" scxmlProducer="ShapeChange" scxmlProducerVersion="unittest" xmlns:sc="http://shapechange.net/model" xmlns:xsi="http://www.w3.org/2001/XMLSchema-instance">
  <sc:packages>
    <sc:Package>
      <sc:name>Model</sc:name>
      <sc:id>P1</sc:id>
      <sc:packages>
        <sc:Package>
          <sc:name>Test Model</sc:name>
          <sc:id>P2</sc:id>
          <sc:packages>
            <sc:Package>
              <sc:name>Test Schema</sc:name>
              <sc:id>P4</sc:id>
              <sc:stereotypes>
                <sc:Stereotype>application schema</sc:Stereotype>
              </sc:stereotypes>
              <sc:taggedValues>
                <sc:TaggedValue>
                  <sc:name>gmlProfileSchema</sc:name>
                </sc:TaggedValue>
                <sc:TaggedValue>
                  <sc:name>jsonBaseURI</sc:name>
                  <sc:values>
                    <sc:Value>http://portele.de/ows9</sc:Value>
                  </sc:values>
                </sc:TaggedValue>
                <sc:TaggedValue>
                  <sc:name>jsonDirectory</sc:name>
                  <sc:values>
                    <sc:Value>test</sc:Value>
                  </sc:values>
                </sc:TaggedValue>
                <sc:TaggedValue>
                  <sc:name>jsonEncodingRule</sc:name>
                  <sc:values>
                    <sc:Value>geoservices</sc:Value>
                  </sc:values>
                </sc:TaggedValue>
                <sc:TaggedValue>
                  <sc:name>targetNamespace</sc:name>
                  <sc:values>
                    <sc:Value>http://shapechange.net/test</sc:Value>
                  </sc:values>
                </sc:TaggedValue>
                <sc:TaggedValue>
                  <sc:name>version</sc:name>
                  <sc:values>
                    <sc:Value>1.0</sc:Value>
                  </sc:values>
                </sc:TaggedValue>
                <sc:TaggedValue>
                  <sc:name>xmlns</sc:name>
                  <sc:values>
                    <sc:Value>test</sc:Value>
                  </sc:values>
                </sc:TaggedValue>
                <sc:TaggedValue>
                  <sc:name>xsdDocument</sc:name>
                  <sc:values>
                    <sc:Value>test.xsd</sc:Value>
                  </sc:values>
                </sc:TaggedValue>
                <sc:TaggedValue>
                  <sc:name>xsdEncodingRule</sc:name>
                  <sc:values>
                    <sc:Value>iso19136_2007</sc:Value>
                  </sc:values>
                </sc:TaggedValue>
              </sc:taggedValues>
              <sc:classes>
                <sc:Class>
                  <sc:name>DataType2</sc:name>
                  <sc:id>10</sc:id>
                  <sc:stereotypes>
                    <sc:Stereotype>datatype</sc:Stereotype>
                  </sc:stereotypes>
                  <sc:taggedValues>
                    <sc:TaggedValue>
                      <sc:name>appliesTo</sc:name>
                      <sc:values>
                        <sc:Value>A,B,C,D,E</sc:Value>
                      </sc:values>
                    </sc:TaggedValue>
                    <sc:TaggedValue>
                      <sc:name>isCollection</sc:name>
                      <sc:values>
                        <sc:Value>false</sc:Value>
                      </sc:values>
                    </sc:TaggedValue>
                    <sc:TaggedValue>
                      <sc:name>noPropertyType</sc:name>
                      <sc:values>
                        <sc:Value>false</sc:Value>
                      </sc:values>
                    </sc:TaggedValue>
                    <sc:TaggedValue>
                      <sc:name>xsdEncodingRule</sc:name>
                      <sc:values>
                        <sc:Value>iso19136_2007</sc:Value>
                      </sc:values>
                    </sc:TaggedValue>
                  </sc:taggedValues>
                  <sc:constraints>
                    <sc:OclConstraint>
                      <sc:name>pattern</sc:name>
                      <sc:status>Approved</sc:status>
                      <sc:text>/* This is the constraint description. */ inv: self.string-&gt;exists(o | o.matches('[a-zA-Z0-9]+') )</sc:text>
                    </sc:OclConstraint>
                  </sc:constraints>
                  <sc:properties>
                    <sc:Property>
                      <sc:name>string</sc:name>
                      <sc:id>10_24</sc:id>
                      <sc:taggedValues>
                        <sc:TaggedValue>
                          <sc:name>sequenceNumber</sc:name>
                          <sc:values>
                            <sc:Value>1</sc:Value>
                          </sc:values>
                        </sc:TaggedValue>
                      </sc:taggedValues>
                      <sc:cardinality>1..*</sc:cardinality>
                      <sc:sequenceNumber>1</sc:sequenceNumber>
                      <sc:typeName>CharacterString</sc:typeName>
                      <sc:isComposition>true</sc:isComposition>
                    </sc:Property>
                    <sc:Property>
                      <sc:name>integer</sc:name>
                      <sc:id>10_25</sc:id>
                      <sc:taggedValues>
                        <sc:TaggedValue>
                          <sc:name>sequenceNumber</sc:name>
                          <sc:values>
                            <sc:Value>2</sc:Value>
                          </sc:values>
                        </sc:TaggedValue>
                      </sc:taggedValues>
                      <sc:cardinality>0..1</sc:cardinality>
                      <sc:sequenceNumber>2</sc:sequenceNumber>
                      <sc:typeName>Integer</sc:typeName>
                      <sc:isComposition>true</sc:isComposition>
                    </sc:Property>
                  </sc:properties>
                </sc:Class>
                <sc:Class>
                  <sc:name>Union</sc:name>
                  <sc:id>11</sc:id>
                  <sc:stereotypes>
                    <sc:Stereotype>union</sc:Stereotype>
                  </sc:stereotypes>
                  <sc:taggedValues>
                    <sc:TaggedValue>
                      <sc:name>noPropertyType</sc:name>
                      <sc:values>
                        <sc:Value>false</sc:Value>
                      </sc:values>
                    </sc:TaggedValue>
                    <sc:TaggedValue>
                      <sc:name>xsdEncodingRule</sc:name>
                      <sc:values>
                        <sc:Value>iso19136_2007</sc:Value>
                      </sc:values>
                    </sc:TaggedValue>
                  </sc:taggedValues>
                  <sc:properties>
                    <sc:Property>
                      <sc:name>option1</sc:name>
                      <sc:id>11_32</sc:id>
                      <sc:taggedValues>
                        <sc:TaggedValue>
                          <sc:name>sequenceNumber</sc:name>
                          <sc:values>
                            <sc:Value>1</sc:Value>
                          </sc:values>
                        </sc:TaggedValue>
                      </sc:taggedValues>
                      <sc:sequenceNumber>1</sc:sequenceNumber>
                      <sc:typeId>9</sc:typeId>
                      <sc:typeName>Enumeration</sc:typeName>
                      <sc:isComposition>true</sc:isComposition>
                    </sc:Property>
                    <sc:Property>
                      <sc:name>option2</sc:name>
                      <sc:id>11_33</sc:id>
                      <sc:taggedValues>
                        <sc:TaggedValue>
                          <sc:name>sequenceNumber</sc:name>
                          <sc:values>
                            <sc:Value>2</sc:Value>
                          </sc:values>
                        </sc:TaggedValue>
                      </sc:taggedValues>
                      <sc:sequenceNumber>2</sc:sequenceNumber>
                      <sc:typeName>Integer</sc:typeName>
                      <sc:isComposition>true</sc:isComposition>
                    </sc:Property>
                    <sc:Property>
                      <sc:name>option3</sc:name>
                      <sc:id>11_34</sc:id>
                      <sc:taggedValues>
                        <sc:TaggedValue>
                          <sc:name>sequenceNumber</sc:name>
                          <sc:values>
                            <sc:Value>3</sc:Value>
                          </sc:values>
                        </sc:TaggedValue>
                      </sc:taggedValues>
                      <sc:cardinality>0..*</sc:cardinality>
                      <sc:sequenceNumber>3</sc:sequenceNumber>
                      <sc:typeName>CharacterString</sc:typeName>
                      <sc:isComposition>true</sc:isComposition>
                    </sc:Property>
                  </sc:properties>
                </sc:Class>
                <sc:Class>
                  <sc:name>FeatureType1</sc:name>
                  <sc:id>4</sc:id>
                  <sc:stereotypes>
                    <sc:Stereotype>featuretype</sc:Stereotype>
                  </sc:stereotypes>
                  <sc:descriptors>
                    <sc:definition>
                      <sc:descriptorValues>
                        <sc:DescriptorValue>This is a feature type.</sc:DescriptorValue>
                      </sc:descriptorValues>
                    </sc:definition>
                    <sc:documentation>
                      <sc:descriptorValues>
                        <sc:DescriptorValue>This is a feature type.</sc:DescriptorValue>
                      </sc:descriptorValues>
                    </sc:documentation>
                  </sc:descriptors>
                  <sc:taggedValues>
                    <sc:TaggedValue>
                      <sc:name>byValuePropertyType</sc:name>
                      <sc:values>
                        <sc:Value>false</sc:Value>
                      </sc:values>
                    </sc:TaggedValue>
                    <sc:TaggedValue>
                      <sc:name>gmlMixin</sc:name>
                      <sc:values>
                        <sc:Value>false</sc:Value>
                      </sc:values>
                    </sc:TaggedValue>
                    <sc:TaggedValue>
                      <sc:name>isCollection</sc:name>
                      <sc:values>
                        <sc:Value>false</sc:Value>
                      </sc:values>
                    </sc:TaggedValue>
                    <sc:TaggedValue>
                      <sc:name>jsonLayerTableURI</sc:name>
                      <sc:values>
                        <sc:Value>http://example.com/TDS/FeatureServer/1</sc:Value>
                      </sc:values>
                    </sc:TaggedValue>
                    <sc:TaggedValue>
                      <sc:name>noPropertyType</sc:name>
                      <sc:values>
                        <sc:Value>false</sc:Value>
                      </sc:values>
                    </sc:TaggedValue>
                    <sc:TaggedValue>
                      <sc:name>xsdEncodingRule</sc:name>
                      <sc:values>
                        <sc:Value>iso19136_2007</sc:Value>
                      </sc:values>
                    </sc:TaggedValue>
                  </sc:taggedValues>
                  <sc:properties>
                    <sc:Property>
                      <sc:name>integer</sc:name>
                      <sc:id>4_1</sc:id>
                      <sc:descriptors>
                        <sc:definition>
                          <sc:descriptorValues>
                            <sc:DescriptorValue>This is an integer.</sc:DescriptorValue>
                          </sc:descriptorValues>
                        </sc:definition>
                        <sc:documentation>
                          <sc:descriptorValues>
                            <sc:DescriptorValue>This is an integer.</sc:DescriptorValue>
                          </sc:descriptorValues>
                        </sc:documentation>
                      </sc:descriptors>
                      <sc:taggedValues>
                        <sc:TaggedValue>
                          <sc:name>sequenceNumber</sc:name>
                          <sc:values>
                            <sc:Value>1</sc:Value>
                          </sc:values>
                        </sc:TaggedValue>
                      </sc:taggedValues>
                      <sc:cardinality>0..1</sc:cardinality>
                      <sc:sequenceNumber>1</sc:sequenceNumber>
                      <sc:typeName>Integer</sc:typeName>
                      <sc:isComposition>true</sc:isComposition>
                    </sc:Property>
                    <sc:Property>
                      <sc:name>character</sc:name>
                      <sc:id>4_2</sc:id>
                      <sc:taggedValues>
                        <sc:TaggedValue>
                          <sc:name>sequenceNumber</sc:name>
                          <sc:values>
                            <sc:Value>2</sc:Value>
                          </sc:values>
                        </sc:TaggedValue>
                      </sc:taggedValues>
                      <sc:sequenceNumber>2</sc:sequenceNumber>
                      <sc:typeName>Character</sc:typeName>
                      <sc:isComposition>true</sc:isComposition>
                    </sc:Property>
                    <sc:Property>
                      <sc:name>string</sc:name>
                      <sc:id>4_3</sc:id>
                      <sc:descriptors>
                        <sc:definition>
                          <sc:descriptorValues>
                            <sc:DescriptorValue>This is a string.</sc:DescriptorValue>
                          </sc:descriptorValues>
                        </sc:definition>
                        <sc:documentation>
                          <sc:descriptorValues>
                            <sc:DescriptorValue>This is a string.</sc:DescriptorValue>
                          </sc:descriptorValues>
                        </sc:documentation>
                      </sc:descriptors>
                      <sc:taggedValues>
                        <sc:TaggedValue>
                          <sc:name>sequenceNumber</sc:name>
                          <sc:values>
                            <sc:Value>3</sc:Value>
                          </sc:values>
                        </sc:TaggedValue>
                      </sc:taggedValues>
                      <sc:cardinality>1..*</sc:cardinality>
                      <sc:sequenceNumber>3</sc:sequenceNumber>
                      <sc:typeName>CharacterString</sc:typeName>
                      <sc:isComposition>true</sc:isComposition>
                    </sc:Property>
                    <sc:Property>
                      <sc:name>real</sc:name>
                      <sc:id>4_4</sc:id>
                      <sc:taggedValues>
                        <sc:TaggedValue>
                          <sc:name>sequenceNumber</sc:name>
                          <sc:values>
                            <sc:Value>4</sc:Value>
                          </sc:values>
                        </sc:TaggedValue>
                      </sc:taggedValues>
                      <sc:cardinality>0..*</sc:cardinality>
                      <sc:sequenceNumber>4</sc:sequenceNumber>
                      <sc:typeName>Real</sc:typeName>
                      <sc:isComposition>true</sc:isComposition>
                    </sc:Property>
                    <sc:Property>
                      <sc:name>decimal</sc:name>
                      <sc:id>4_5</sc:id>
                      <sc:taggedValues>
                        <sc:TaggedValue>
                          <sc:name>sequenceNumber</sc:name>
                          <sc:values>
                            <sc:Value>5</sc:Value>
                          </sc:values>
                        </sc:TaggedValue>
                      </sc:taggedValues>
                      <sc:sequenceNumber>5</sc:sequenceNumber>
                      <sc:typeName>Decimal</sc:typeName>
                      <sc:isComposition>true</sc:isComposition>
                    </sc:Property>
                    <sc:Property>
                      <sc:name>number</sc:name>
                      <sc:id>4_6</sc:id>
                      <sc:taggedValues>
                        <sc:TaggedValue>
                          <sc:name>sequenceNumber</sc:name>
                          <sc:values>
                            <sc:Value>6</sc:Value>
                          </sc:values>
                        </sc:TaggedValue>
                      </sc:taggedValues>
                      <sc:sequenceNumber>6</sc:sequenceNumber>
                      <sc:typeName>Number</sc:typeName>
                      <sc:isComposition>true</sc:isComposition>
                    </sc:Property>
                    <sc:Property>
                      <sc:name>boolean</sc:name>
                      <sc:id>4_7</sc:id>
                      <sc:taggedValues>
                        <sc:TaggedValue>
                          <sc:name>sequenceNumber</sc:name>
                          <sc:values>
                            <sc:Value>7</sc:Value>
                          </sc:values>
                        </sc:TaggedValue>
                      </sc:taggedValues>
                      <sc:sequenceNumber>7</sc:sequenceNumber>
                      <sc:typeName>Boolean</sc:typeName>
                      <sc:isComposition>true</sc:isComposition>
                    </sc:Property>
                    <sc:Property>
                      <sc:name>uri</sc:name>
                      <sc:id>4_8</sc:id>
                      <sc:taggedValues>
                        <sc:TaggedValue>
                          <sc:name>sequenceNumber</sc:name>
                          <sc:values>
                            <sc:Value>8</sc:Value>
                          </sc:values>
                        </sc:TaggedValue>
                      </sc:taggedValues>
                      <sc:sequenceNumber>8</sc:sequenceNumber>
                      <sc:typeName>URI</sc:typeName>
                      <sc:isComposition>true</sc:isComposition>
                    </sc:Property>
                    <sc:Property>
                      <sc:name>datetime</sc:name>
                      <sc:id>4_9</sc:id>
                      <sc:taggedValues>
                        <sc:TaggedValue>
                          <sc:name>sequenceNumber</sc:name>
                          <sc:values>
                            <sc:Value>9</sc:Value>
                          </sc:values>
                        </sc:TaggedValue>
                      </sc:taggedValues>
                      <sc:sequenceNumber>9</sc:sequenceNumber>
                      <sc:typeName>DateTime</sc:typeName>
                      <sc:isComposition>true</sc:isComposition>
                    </sc:Property>
                    <sc:Property>
                      <sc:name>date</sc:name>
                      <sc:id>4_10</sc:id>
                      <sc:taggedValues>
                        <sc:TaggedValue>
                          <sc:name>sequenceNumber</sc:name>
                          <sc:values>
                            <sc:Value>10</sc:Value>
                          </sc:values>
                        </sc:TaggedValue>
                      </sc:taggedValues>
                      <sc:sequenceNumber>10</sc:sequenceNumber>
                      <sc:typeName>Date</sc:typeName>
                      <sc:isComposition>true</sc:isComposition>
                    </sc:Property>
                    <sc:Property>
                      <sc:name>time</sc:name>
                      <sc:id>4_11</sc:id>
                      <sc:taggedValues>
                        <sc:TaggedValue>
                          <sc:name>sequenceNumber</sc:name>
                          <sc:values>
                            <sc:Value>11</sc:Value>
                          </sc:values>
                        </sc:TaggedValue>
                      </sc:taggedValues>
                      <sc:sequenceNumber>11</sc:sequenceNumber>
                      <sc:typeName>Time</sc:typeName>
                      <sc:isComposition>true</sc:isComposition>
                    </sc:Property>
                    <sc:Property>
                      <sc:name>measure</sc:name>
                      <sc:id>4_12</sc:id>
                      <sc:taggedValues>
                        <sc:TaggedValue>
                          <sc:name>sequenceNumber</sc:name>
                          <sc:values>
                            <sc:Value>12</sc:Value>
                          </sc:values>
                        </sc:TaggedValue>
                      </sc:taggedValues>
                      <sc:sequenceNumber>12</sc:sequenceNumber>
                      <sc:typeName>Measure</sc:typeName>
                      <sc:isComposition>true</sc:isComposition>
                    </sc:Property>
                    <sc:Property>
                      <sc:name>length</sc:name>
                      <sc:id>4_13</sc:id>
                      <sc:taggedValues>
                        <sc:TaggedValue>
                          <sc:name>sequenceNumber</sc:name>
                          <sc:values>
                            <sc:Value>13</sc:Value>
                          </sc:values>
                        </sc:TaggedValue>
                      </sc:taggedValues>
                      <sc:cardinality>0..1</sc:cardinality>
                      <sc:sequenceNumber>13</sc:sequenceNumber>
                      <sc:typeName>Length</sc:typeName>
                      <sc:isComposition>true</sc:isComposition>
                    </sc:Property>
                    <sc:Property>
                      <sc:name>geometry</sc:name>
                      <sc:id>4_14</sc:id>
                      <sc:taggedValues>
                        <sc:TaggedValue>
                          <sc:name>sequenceNumber</sc:name>
                          <sc:values>
                            <sc:Value>14</sc:Value>
                          </sc:values>
                        </sc:TaggedValue>
                      </sc:taggedValues>
                      <sc:sequenceNumber>14</sc:sequenceNumber>
                      <sc:typeName>GM_Point</sc:typeName>
                      <sc:isComposition>true</sc:isComposition>
                    </sc:Property>
                    <sc:Property>
                      <sc:name>secondgeometry</sc:name>
                      <sc:id>4_15</sc:id>
                      <sc:taggedValues>
                        <sc:TaggedValue>
                          <sc:name>sequenceNumber</sc:name>
                          <sc:values>
                            <sc:Value>15</sc:Value>
                          </sc:values>
                        </sc:TaggedValue>
                      </sc:taggedValues>
                      <sc:sequenceNumber>15</sc:sequenceNumber>
                      <sc:typeName>GM_Surface</sc:typeName>
                      <sc:isComposition>true</sc:isComposition>
                    </sc:Property>
                    <sc:Property>
                      <sc:name>metadata</sc:name>
                      <sc:id>4_16</sc:id>
                      <sc:taggedValues>
                        <sc:TaggedValue>
                          <sc:name>sequenceNumber</sc:name>
                          <sc:values>
                            <sc:Value>16</sc:Value>
                          </sc:values>
                        </sc:TaggedValue>
                      </sc:taggedValues>
                      <sc:sequenceNumber>16</sc:sequenceNumber>
                      <sc:typeName>MD_Metadata</sc:typeName>
                      <sc:isComposition>true</sc:isComposition>
                    </sc:Property>
                    <sc:Property>
                      <sc:name>datatype</sc:name>
                      <sc:id>4_17</sc:id>
                      <sc:descriptors>
                        <sc:definition>
                          <sc:descriptorValues>
                            <sc:DescriptorValue>This is a data type.</sc:DescriptorValue>
                          </sc:descriptorValues>
                        </sc:definition>
                        <sc:documentation>
                          <sc:descriptorValues>
                            <sc:DescriptorValue>This is a data type.</sc:DescriptorValue>
                          </sc:descriptorValues>
                        </sc:documentation>
                      </sc:descriptors>
                      <sc:taggedValues>
                        <sc:TaggedValue>
                          <sc:name>sequenceNumber</sc:name>
                          <sc:values>
                            <sc:Value>17</sc:Value>
                          </sc:values>
                        </sc:TaggedValue>
                      </sc:taggedValues>
                      <sc:sequenceNumber>17</sc:sequenceNumber>
                      <sc:typeId>6</sc:typeId>
                      <sc:typeName>DataType</sc:typeName>
                      <sc:isComposition>true</sc:isComposition>
                    </sc:Property>
                    <sc:Property>
                      <sc:name>union</sc:name>
                      <sc:id>4_18</sc:id>
                      <sc:taggedValues>
                        <sc:TaggedValue>
                          <sc:name>sequenceNumber</sc:name>
                          <sc:values>
                            <sc:Value>18</sc:Value>
                          </sc:values>
                        </sc:TaggedValue>
                      </sc:taggedValues>
                      <sc:sequenceNumber>18</sc:sequenceNumber>
                      <sc:typeId>7</sc:typeId>
                      <sc:typeName>NilUnion</sc:typeName>
                      <sc:isComposition>true</sc:isComposition>
                    </sc:Property>
                    <sc:Property>
                      <sc:name>enum</sc:name>
                      <sc:id>4_19</sc:id>
                      <sc:taggedValues>
                        <sc:TaggedValue>
                          <sc:name>sequenceNumber</sc:name>
                          <sc:values>
                            <sc:Value>19</sc:Value>
                          </sc:values>
                        </sc:TaggedValue>
                      </sc:taggedValues>
                      <sc:sequenceNumber>19</sc:sequenceNumber>
                      <sc:typeId>9</sc:typeId>
                      <sc:typeName>Enumeration</sc:typeName>
                      <sc:isComposition>true</sc:isComposition>
                    </sc:Property>
                    <sc:Property>
                      <sc:name>codelist</sc:name>
                      <sc:id>4_20</sc:id>
                      <sc:taggedValues>
                        <sc:TaggedValue>
                          <sc:name>sequenceNumber</sc:name>
                          <sc:values>
                            <sc:Value>20</sc:Value>
                          </sc:values>
                        </sc:TaggedValue>
                      </sc:taggedValues>
                      <sc:sequenceNumber>20</sc:sequenceNumber>
                      <sc:typeId>8</sc:typeId>
                      <sc:typeName>CodeList</sc:typeName>
                      <sc:isComposition>true</sc:isComposition>
                    </sc:Property>
                    <sc:Property>
                      <sc:name>role2</sc:name>
                      <sc:id>Tas1</sc:id>
                      <sc:taggedValues>
                        <sc:TaggedValue>
                          <sc:name>sequenceNumber</sc:name>
                          <sc:values>
                            <sc:Value>100</sc:Value>
                          </sc:values>
                        </sc:TaggedValue>
                      </sc:taggedValues>
                      <sc:sequenceNumber>100</sc:sequenceNumber>
                      <sc:typeId>5</sc:typeId>
                      <sc:typeName>FeatureType2</sc:typeName>
                      <sc:isAttribute>false</sc:isAttribute>
                      <sc:associationId>as1</sc:associationId>
                    </sc:Property>
                  </sc:properties>
                </sc:Class>
                <sc:Class>
                  <sc:name>FeatureType2</sc:name>
                  <sc:id>5</sc:id>
                  <sc:stereotypes>
                    <sc:Stereotype>featuretype</sc:Stereotype>
                  </sc:stereotypes>
                  <sc:taggedValues>
                    <sc:TaggedValue>
                      <sc:name>byValuePropertyType</sc:name>
                      <sc:values>
                        <sc:Value>false</sc:Value>
                      </sc:values>
                    </sc:TaggedValue>
                    <sc:TaggedValue>
                      <sc:name>gmlMixin</sc:name>
                      <sc:values>
                        <sc:Value>false</sc:Value>
                      </sc:values>
                    </sc:TaggedValue>
                    <sc:TaggedValue>
                      <sc:name>isCollection</sc:name>
                      <sc:values>
                        <sc:Value>false</sc:Value>
                      </sc:values>
                    </sc:TaggedValue>
                    <sc:TaggedValue>
                      <sc:name>jsonLayerTableURI</sc:name>
                      <sc:values>
                        <sc:Value>http://example.com/TDS/FeatureServer/2</sc:Value>
                      </sc:values>
                    </sc:TaggedValue>
                    <sc:TaggedValue>
                      <sc:name>noPropertyType</sc:name>
                      <sc:values>
                        <sc:Value>false</sc:Value>
                      </sc:values>
                    </sc:TaggedValue>
                    <sc:TaggedValue>
                      <sc:name>xsdEncodingRule</sc:name>
                      <sc:values>
                        <sc:Value>iso19136_2007</sc:Value>
                      </sc:values>
                    </sc:TaggedValue>
                  </sc:taggedValues>
                  <sc:properties>
                    <sc:Property>
                      <sc:name>codelist</sc:name>
                      <sc:id>5_26</sc:id>
                      <sc:stereotypes>
                        <sc:Stereotype>voidable</sc:Stereotype>
                      </sc:stereotypes>
                      <sc:taggedValues>
                        <sc:TaggedValue>
                          <sc:name>sequenceNumber</sc:name>
                          <sc:values>
                            <sc:Value>1</sc:Value>
                          </sc:values>
                        </sc:TaggedValue>
                      </sc:taggedValues>
                      <sc:sequenceNumber>1</sc:sequenceNumber>
                      <sc:typeId>8</sc:typeId>
                      <sc:typeName>CodeList</sc:typeName>
                      <sc:isComposition>true</sc:isComposition>
                    </sc:Property>
                    <sc:Property>
                      <sc:name>union</sc:name>
                      <sc:id>5_31</sc:id>
                      <sc:taggedValues>
                        <sc:TaggedValue>
                          <sc:name>sequenceNumber</sc:name>
                          <sc:values>
                            <sc:Value>2</sc:Value>
                          </sc:values>
                        </sc:TaggedValue>
                      </sc:taggedValues>
                      <sc:sequenceNumber>2</sc:sequenceNumber>
                      <sc:typeId>11</sc:typeId>
                      <sc:typeName>Union</sc:typeName>
                      <sc:isComposition>true</sc:isComposition>
                    </sc:Property>
                    <sc:Property>
                      <sc:name>role1</sc:name>
                      <sc:id>Sas1</sc:id>
                      <sc:taggedValues>
                        <sc:TaggedValue>
                          <sc:name>sequenceNumber</sc:name>
                          <sc:values>
                            <sc:Value>100</sc:Value>
                          </sc:values>
                        </sc:TaggedValue>
                      </sc:taggedValues>
                      <sc:cardinality>0..*</sc:cardinality>
                      <sc:sequenceNumber>100</sc:sequenceNumber>
                      <sc:typeId>4</sc:typeId>
                      <sc:typeName>FeatureType1</sc:typeName>
                      <sc:isAttribute>false</sc:isAttribute>
                      <sc:associationId>as1</sc:associationId>
                    </sc:Property>
                  </sc:properties>
                </sc:Class>
                <sc:Class>
                  <sc:name>DataType</sc:name>
                  <sc:id>6</sc:id>
                  <sc:stereotypes>
                    <sc:Stereotype>datatype</sc:Stereotype>
                  </sc:stereotypes>
                  <sc:descriptors>
                    <sc:alias>
                      <sc:descriptorValues>
                        <sc:DescriptorValue>DT</sc:DescriptorValue>
                      </sc:descriptorValues>
                    </sc:alias>
                    <sc:definition>
                      <sc:descriptorValues>
                        <sc:DescriptorValue>datatype definition</sc:DescriptorValue>
                      </sc:descriptorValues>
                    </sc:definition>
                    <sc:documentation>
                      <sc:descriptorValues>
                        <sc:DescriptorValue>datatype definition</sc:DescriptorValue>
                      </sc:descriptorValues>
                    </sc:documentation>
                  </sc:descriptors>
                  <sc:taggedValues>
                    <sc:TaggedValue>
                      <sc:name>isCollection</sc:name>
                      <sc:values>
                        <sc:Value>false</sc:Value>
                      </sc:values>
                    </sc:TaggedValue>
                    <sc:TaggedValue>
                      <sc:name>noPropertyType</sc:name>
                      <sc:values>
                        <sc:Value>false</sc:Value>
                      </sc:values>
                    </sc:TaggedValue>
                    <sc:TaggedValue>
                      <sc:name>xsdEncodingRule</sc:name>
                      <sc:values>
                        <sc:Value>iso19136_2007</sc:Value>
                      </sc:values>
                    </sc:TaggedValue>
                  </sc:taggedValues>
                  <sc:properties>
                    <sc:Property>
                      <sc:name>datatype</sc:name>
                      <sc:id>6_21</sc:id>
                      <sc:descriptors>
                        <sc:definition>
                          <sc:descriptorValues>
                            <sc:DescriptorValue>This is another data type.</sc:DescriptorValue>
                          </sc:descriptorValues>
                        </sc:definition>
                        <sc:documentation>
                          <sc:descriptorValues>
                            <sc:DescriptorValue>This is another data type.</sc:DescriptorValue>
                          </sc:descriptorValues>
                        </sc:documentation>
                      </sc:descriptors>
                      <sc:taggedValues>
                        <sc:TaggedValue>
                          <sc:name>sequenceNumber</sc:name>
                          <sc:values>
                            <sc:Value>1</sc:Value>
                          </sc:values>
                        </sc:TaggedValue>
                      </sc:taggedValues>
                      <sc:cardinality>0..*</sc:cardinality>
                      <sc:sequenceNumber>1</sc:sequenceNumber>
                      <sc:typeId>10</sc:typeId>
                      <sc:typeName>DataType2</sc:typeName>
                      <sc:isComposition>true</sc:isComposition>
                    </sc:Property>
                    <sc:Property>
                      <sc:name>string</sc:name>
                      <sc:id>6_22</sc:id>
                      <sc:taggedValues>
                        <sc:TaggedValue>
                          <sc:name>sequenceNumber</sc:name>
                          <sc:values>
                            <sc:Value>2</sc:Value>
                          </sc:values>
                        </sc:TaggedValue>
                      </sc:taggedValues>
                      <sc:cardinality>1..*</sc:cardinality>
                      <sc:sequenceNumber>2</sc:sequenceNumber>
                      <sc:typeName>CharacterString</sc:typeName>
                      <sc:isComposition>true</sc:isComposition>
                    </sc:Property>
                    <sc:Property>
                      <sc:name>boolean</sc:name>
                      <sc:id>6_23</sc:id>
                      <sc:taggedValues>
                        <sc:TaggedValue>
                          <sc:name>sequenceNumber</sc:name>
                          <sc:values>
                            <sc:Value>3</sc:Value>
                          </sc:values>
                        </sc:TaggedValue>
                      </sc:taggedValues>
                      <sc:cardinality>0..1</sc:cardinality>
                      <sc:sequenceNumber>3</sc:sequenceNumber>
                      <sc:typeName>Boolean</sc:typeName>
                      <sc:isComposition>true</sc:isComposition>
                    </sc:Property>
                  </sc:properties>
                </sc:Class>
                <sc:Class>
                  <sc:name>NilUnion</sc:name>
                  <sc:id>7</sc:id>
                  <sc:stereotypes>
                    <sc:Stereotype>union</sc:Stereotype>
                  </sc:stereotypes>
                  <sc:taggedValues>
                    <sc:TaggedValue>
                      <sc:name>noPropertyType</sc:name>
                      <sc:values>
                        <sc:Value>false</sc:Value>
                      </sc:values>
                    </sc:TaggedValue>
                    <sc:TaggedValue>
                      <sc:name>xsdEncodingRule</sc:name>
                      <sc:values>
                        <sc:Value>iso19136_2007</sc:Value>
                      </sc:values>
                    </sc:TaggedValue>
                  </sc:taggedValues>
                  <sc:properties>
                    <sc:Property>
                      <sc:name>value</sc:name>
                      <sc:id>7_27</sc:id>
                      <sc:taggedValues>
                        <sc:TaggedValue>
                          <sc:name>sequenceNumber</sc:name>
                          <sc:values>
                            <sc:Value>1</sc:Value>
                          </sc:values>
                        </sc:TaggedValue>
                      </sc:taggedValues>
                      <sc:sequenceNumber>1</sc:sequenceNumber>
                      <sc:typeId>10</sc:typeId>
                      <sc:typeName>DataType2</sc:typeName>
                      <sc:isComposition>true</sc:isComposition>
                    </sc:Property>
                    <sc:Property>
                      <sc:name>reason</sc:name>
                      <sc:id>7_28</sc:id>
                      <sc:taggedValues>
                        <sc:TaggedValue>
                          <sc:name>sequenceNumber</sc:name>
                          <sc:values>
                            <sc:Value>2</sc:Value>
                          </sc:values>
                        </sc:TaggedValue>
                      </sc:taggedValues>
                      <sc:sequenceNumber>2</sc:sequenceNumber>
                      <sc:typeName>CharacterString</sc:typeName>
                      <sc:isComposition>true</sc:isComposition>
                    </sc:Property>
                  </sc:properties>
                </sc:Class>
                <sc:Class>
                  <sc:name>CodeList</sc:name>
                  <sc:id>8</sc:id>
                  <sc:stereotypes>
                    <sc:Stereotype>codelist</sc:Stereotype>
                  </sc:stereotypes>
                  <sc:taggedValues>
                    <sc:TaggedValue>
                      <sc:name>asDictionary</sc:name>
                      <sc:values>
                        <sc:Value>true</sc:Value>
                      </sc:values>
                    </sc:TaggedValue>
                    <sc:TaggedValue>
                      <sc:name>extensibility</sc:name>
                      <sc:values>
                        <sc:Value>any</sc:Value>
                      </sc:values>
                    </sc:TaggedValue>
                    <sc:TaggedValue>
                      <sc:name>vocabulary</sc:name>
                    </sc:TaggedValue>
                    <sc:TaggedValue>
                      <sc:name>xsdEncodingRule</sc:name>
                      <sc:values>
                        <sc:Value>iso19136_2007</sc:Value>
                      </sc:values>
                    </sc:TaggedValue>
                  </sc:taggedValues>
                </sc:Class>
                <sc:Class>
                  <sc:name>Enumeration</sc:name>
                  <sc:id>9</sc:id>
                  <sc:stereotypes>
                    <sc:Stereotype>enumeration</sc:Stereotype>
                  </sc:stereotypes>
                  <sc:taggedValues>
                    <sc:TaggedValue>
                      <sc:name>jsonEncodingRule</sc:name>
                      <sc:values>
                        <sc:Value>geoservices</sc:Value>
                      </sc:values>
                    </sc:TaggedValue>
                    <sc:TaggedValue>
                      <sc:name>xsdEncodingRule</sc:name>
                      <sc:values>
                        <sc:Value>iso19136_2007</sc:Value>
                      </sc:values>
                    </sc:TaggedValue>
                  </sc:taggedValues>
                  <sc:properties>
                    <sc:Property>
                      <sc:name>val1</sc:name>
                      <sc:id>9_29</sc:id>
                      <sc:descriptors>
                        <sc:alias>
                          <sc:descriptorValues>
                            <sc:DescriptorValue>1</sc:DescriptorValue>
                          </sc:descriptorValues>
                        </sc:alias>
                      </sc:descriptors>
                      <sc:sequenceNumber>-1073741491</sc:sequenceNumber>
                    </sc:Property>
                    <sc:Property>
                      <sc:name>val2</sc:name>
                      <sc:id>9_30</sc:id>
                      <sc:descriptors>
                        <sc:alias>
                          <sc:descriptorValues>
                            <sc:DescriptorValue>2</sc:DescriptorValue>
                          </sc:descriptorValues>
                        </sc:alias>
                      </sc:descriptors>
                      <sc:sequenceNumber>-1073741490</sc:sequenceNumber>
                    </sc:Property>
                  </sc:properties>
                </sc:Class>
              </sc:classes>
            </sc:Package>
          </sc:packages>
        </sc:Package>
      </sc:packages>
    </sc:Package>
  </sc:packages>
  <sc:associations>
    <sc:Association>
      <sc:name>FeatureType1_FeatureType2</sc:name>
      <sc:id>as1</sc:id>
      <sc:end1 ref="Sas1"></sc:end1>
      <sc:end2 ref="Tas1"></sc:end2>
    </sc:Association>
  </sc:associations>
</sc:Model>