<?xml version="1.0" encoding="Windows-1252"?>
<sc:Model xsi:schemaLocation="http://shapechange.net/model http://shapechange.net/resources/schema/ShapeChangeExportedModel.xsd" encoding="Windows-1252" scxmlProducer="ShapeChange" scxmlProducerVersion="unittest" xmlns:sc="http://shapechange.net/model" xmlns:xsi="http://www.w3.org/2001/XMLSchema-instance">
  <sc:packages>
    <sc:Package>
      <sc:name>Model</sc:name>
      <sc:id>P2</sc:id>
      <sc:packages>
        <sc:Package>
          <sc:name>Codelists</sc:name>
          <sc:id>P47</sc:id>
          <sc:stereotypes>
            <sc:Stereotype>application schema</sc:Stereotype>
          </sc:stereotypes>
          <sc:taggedValues>
            <sc:TaggedValue>
              <sc:name>gmlProfileSchema</sc:name>
            </sc:TaggedValue>
            <sc:TaggedValue>
              <sc:name>targetNamespace</sc:name>
              <sc:values>
                <sc:Value>http://shapechange.net/tmp/skos</sc:Value>
              </sc:values>
            </sc:TaggedValue>
            <sc:TaggedValue>
              <sc:name>version</sc:name>
              <sc:values>
                <sc:Value>1.0</sc:Value>
              </sc:values>
            </sc:TaggedValue>
            <sc:TaggedValue>
              <sc:name>xmlns</sc:name>
              <sc:values>
                <sc:Value>cl</sc:Value>
              </sc:values>
            </sc:TaggedValue>
            <sc:TaggedValue>
              <sc:name>xsdDocument</sc:name>
              <sc:values>
                <sc:Value>cl.xsd</sc:Value>
              </sc:values>
            </sc:TaggedValue>
          </sc:taggedValues>
          <sc:classes>
            <sc:Class>
              <sc:name>FunctieWeg</sc:name>
              <sc:id>711</sc:id>
              <sc:stereotypes>
                <sc:Stereotype>codelist</sc:Stereotype>
              </sc:stereotypes>
              <sc:descriptors>
                <sc:definition>
                  <sc:descriptorValues>
                    <sc:DescriptorValue>Specificatie van het hoofdgebruiksdoel van het wegdeel.</sc:DescriptorValue>
                  </sc:descriptorValues>
                </sc:definition>
                <sc:documentation>
                  <sc:descriptorValues>
                    <sc:DescriptorValue>Specificatie van het hoofdgebruiksdoel van het wegdeel.</sc:DescriptorValue>
                  </sc:descriptorValues>
                </sc:documentation>
              </sc:descriptors>
              <sc:taggedValues>
                <sc:TaggedValue>
                  <sc:name>asDictionary</sc:name>
                  <sc:values>
                    <sc:Value>true</sc:Value>
                  </sc:values>
                </sc:TaggedValue>
                <sc:TaggedValue>
                  <sc:name>codeList</sc:name>
                </sc:TaggedValue>
              </sc:taggedValues>
              <sc:properties>
                <sc:Property>
                  <sc:name>OV-baan</sc:name>
                  <sc:id>711_1625</sc:id>
                  <sc:descriptors>
                    <sc:definition>
                      <sc:descriptorValues>
                        <sc:DescriptorValue>Wegdeel dat uitsluitend is bestemd en gemarkeerd voor openbaar vervoer en afgescheiden is van de andere wegdelen niet uitsluitend door markering.</sc:DescriptorValue>
                      </sc:descriptorValues>
                    </sc:definition>
                    <sc:documentation>
                      <sc:descriptorValues>
                        <sc:DescriptorValue>Wegdeel dat uitsluitend is bestemd en gemarkeerd voor openbaar vervoer en afgescheiden is van de andere wegdelen niet uitsluitend door markering.</sc:DescriptorValue>
                      </sc:descriptorValues>
                    </sc:documentation>
                  </sc:descriptors>
                  <sc:sequenceNumber>-1073739135</sc:sequenceNumber>
                </sc:Property>
                <sc:Property>
                  <sc:name>overweg</sc:name>
                  <sc:id>711_1624</sc:id>
                  <sc:descriptors>
                    <sc:definition>
                      <sc:descriptorValues>
                        <sc:DescriptorValue>Een gelijkvloerse kruising van een wegdeel en een wegdeel type ov-baan met spoor type trein of sneltram.</sc:DescriptorValue>
                      </sc:descriptorValues>
                    </sc:definition>
                    <sc:documentation>
                      <sc:descriptorValues>
                        <sc:DescriptorValue>Een gelijkvloerse kruising van een wegdeel en een wegdeel type ov-baan met spoor type trein of sneltram. </sc:DescriptorValue>
                      </sc:descriptorValues>
                    </sc:documentation>
                  </sc:descriptors>
                  <sc:sequenceNumber>-1073739134</sc:sequenceNumber>
                </sc:Property>
                <sc:Property>
                  <sc:name>spoorbaan</sc:name>
                  <sc:id>711_2174</sc:id>
                  <sc:descriptors>
                    <sc:definition>
                      <sc:descriptorValues>
                        <sc:DescriptorValue>Gebaand gedeelte voor het verkeer over rails.</sc:DescriptorValue>
                      </sc:descriptorValues>
                    </sc:definition>
                    <sc:documentation>
                      <sc:descriptorValues>
                        <sc:DescriptorValue>Gebaand gedeelte voor het verkeer over rails.</sc:DescriptorValue>
                      </sc:descriptorValues>
                    </sc:documentation>
                  </sc:descriptors>
                  <sc:sequenceNumber>-1073739133</sc:sequenceNumber>
                </sc:Property>
                <sc:Property>
                  <sc:name>baan voor vliegverkeer</sc:name>
                  <sc:id>711_1843</sc:id>
                  <sc:descriptors>
                    <sc:definition>
                      <sc:descriptorValues>
                        <sc:DescriptorValue>Wegdeel uitsluitend bedoeld voor vliegverkeer.</sc:DescriptorValue>
                      </sc:descriptorValues>
                    </sc:definition>
                    <sc:documentation>
                      <sc:descriptorValues>
                        <sc:DescriptorValue>Wegdeel uitsluitend bedoeld voor vliegverkeer.</sc:DescriptorValue>
                      </sc:descriptorValues>
                    </sc:documentation>
                  </sc:descriptors>
                  <sc:sequenceNumber>-1073739132</sc:sequenceNumber>
                </sc:Property>
                <sc:Property>
                  <sc:name>rijbaan autosnelweg</sc:name>
                  <sc:id>711_1844</sc:id>
                  <sc:descriptors>
                    <sc:definition>
                      <sc:descriptorValues>
                        <sc:DescriptorValue>Wegdeel dat onderdeel is van een weg uitsluitend bestemd voor snelverkeer en met gescheiden rijbanen en ongelijkvloerse kruisingen, daartoe aangeduid met het betreffende verkeersbord.</sc:DescriptorValue>
                      </sc:descriptorValues>
                    </sc:definition>
                    <sc:documentation>
                      <sc:descriptorValues>
                        <sc:DescriptorValue>Wegdeel dat onderdeel is van een weg uitsluitend bestemd voor snelverkeer en met gescheiden rijbanen en ongelijkvloerse kruisingen, daartoe aangeduid met het betreffende verkeersbord.</sc:DescriptorValue>
                      </sc:descriptorValues>
                    </sc:documentation>
                  </sc:descriptors>
                  <sc:sequenceNumber>-1073739131</sc:sequenceNumber>
                </sc:Property>
                <sc:Property>
                  <sc:name>rijbaan autoweg</sc:name>
                  <sc:id>711_1845</sc:id>
                  <sc:descriptors>
                    <sc:definition>
                      <sc:descriptorValues>
                        <sc:DescriptorValue>Wegdeel dat onderdeel is van een weg uitsluitend bestemd voor snelverkeer, daartoe aangeduid met het betreffende verkeersbord.</sc:DescriptorValue>
                      </sc:descriptorValues>
                    </sc:definition>
                    <sc:documentation>
                      <sc:descriptorValues>
                        <sc:DescriptorValue>Wegdeel dat onderdeel is van een weg uitsluitend bestemd voor snelverkeer, daartoe aangeduid met het betreffende verkeersbord.</sc:DescriptorValue>
                      </sc:descriptorValues>
                    </sc:documentation>
                  </sc:descriptors>
                  <sc:sequenceNumber>-1073739130</sc:sequenceNumber>
                </sc:Property>
                <sc:Property>
                  <sc:name>rijbaan regionale weg</sc:name>
                  <sc:id>711_1846</sc:id>
                  <sc:descriptors>
                    <sc:definition>
                      <sc:descriptorValues>
                        <sc:DescriptorValue>Wegdeel dat onderdeel is van een weg die een verbinding vormt tussen bewoonde oorden of tussen wijken binnen een dorp of stad.</sc:DescriptorValue>
                      </sc:descriptorValues>
                    </sc:definition>
                    <sc:documentation>
                      <sc:descriptorValues>
                        <sc:DescriptorValue>Wegdeel dat onderdeel is van een weg die een verbinding vormt tussen bewoonde oorden of tussen wijken binnen een dorp of stad.</sc:DescriptorValue>
                      </sc:descriptorValues>
                    </sc:documentation>
                  </sc:descriptors>
                  <sc:sequenceNumber>-1073739129</sc:sequenceNumber>
                </sc:Property>
                <sc:Property>
                  <sc:name>rijbaan lokale weg</sc:name>
                  <sc:id>711_1847</sc:id>
                  <sc:descriptors>
                    <sc:definition>
                      <sc:descriptorValues>
                        <sc:DescriptorValue>Wegdeel dat onderdeel is van een weg van lokaal belang.</sc:DescriptorValue>
                      </sc:descriptorValues>
                    </sc:definition>
                    <sc:documentation>
                      <sc:descriptorValues>
                        <sc:DescriptorValue>Wegdeel dat onderdeel is van een weg van lokaal belang.</sc:DescriptorValue>
                      </sc:descriptorValues>
                    </sc:documentation>
                  </sc:descriptors>
                  <sc:sequenceNumber>-1073739128</sc:sequenceNumber>
                </sc:Property>
                <sc:Property>
                  <sc:name>fietspad</sc:name>
                  <sc:id>711_1628</sc:id>
                  <sc:descriptors>
                    <sc:definition>
                      <sc:descriptorValues>
                        <sc:DescriptorValue>Wegdeel met name bestemd voor fietsers en, indien toegestaan, bromfietsers en dat afgescheiden is van de andere wegdelen niet uitsluitend door markering.</sc:DescriptorValue>
                      </sc:descriptorValues>
                    </sc:definition>
                    <sc:documentation>
                      <sc:descriptorValues>
                        <sc:DescriptorValue>Wegdeel met name bestemd voor fietsers en, indien toegestaan, bromfietsers en dat afgescheiden is van de andere wegdelen niet uitsluitend door markering.</sc:DescriptorValue>
                      </sc:descriptorValues>
                    </sc:documentation>
                  </sc:descriptors>
                  <sc:sequenceNumber>-1073739127</sc:sequenceNumber>
                </sc:Property>
                <sc:Property>
                  <sc:name>voetpad</sc:name>
                  <sc:id>711_1631</sc:id>
                  <sc:descriptors>
                    <sc:definition>
                      <sc:descriptorValues>
                        <sc:DescriptorValue>Wegdeel waar voetgangers gebruik van moeten maken.</sc:DescriptorValue>
                      </sc:descriptorValues>
                    </sc:definition>
                    <sc:documentation>
                      <sc:descriptorValues>
                        <sc:DescriptorValue>Wegdeel waar voetgangers gebruik van moeten maken.</sc:DescriptorValue>
                      </sc:descriptorValues>
                    </sc:documentation>
                  </sc:descriptors>
                  <sc:sequenceNumber>-1073739126</sc:sequenceNumber>
                </sc:Property>
                <sc:Property>
                  <sc:name>voetpad op trap</sc:name>
                  <sc:id>711_2173</sc:id>
                  <sc:descriptors>
                    <sc:definition>
                      <sc:descriptorValues>
                        <sc:DescriptorValue>Voetpad op verkeersinfrastructurele voorziening bestaande uit een constructie van treden, waarop men een hoger of lager gelegen plaats kan bereiken.</sc:DescriptorValue>
                      </sc:descriptorValues>
                    </sc:definition>
                    <sc:documentation>
                      <sc:descriptorValues>
                        <sc:DescriptorValue>Voetpad op verkeersinfrastructurele voorziening bestaande uit een constructie van treden, waarop men een hoger of lager gelegen plaats kan bereiken. </sc:DescriptorValue>
                      </sc:descriptorValues>
                    </sc:documentation>
                  </sc:descriptors>
                  <sc:sequenceNumber>-1073739125</sc:sequenceNumber>
                </sc:Property>
                <sc:Property>
                  <sc:name>ruiterpad</sc:name>
                  <sc:id>711_1633</sc:id>
                  <sc:descriptors>
                    <sc:definition>
                      <sc:descriptorValues>
                        <sc:DescriptorValue>Een wegdeel primair aangelegd voor het gebruik door ruiters.</sc:DescriptorValue>
                      </sc:descriptorValues>
                    </sc:definition>
                    <sc:documentation>
                      <sc:descriptorValues>
                        <sc:DescriptorValue>Een wegdeel primair aangelegd voor het gebruik door ruiters.</sc:DescriptorValue>
                      </sc:descriptorValues>
                    </sc:documentation>
                  </sc:descriptors>
                  <sc:sequenceNumber>-1073739124</sc:sequenceNumber>
                </sc:Property>
                <sc:Property>
                  <sc:name>parkeervlak</sc:name>
                  <sc:id>711_1629</sc:id>
                  <sc:descriptors>
                    <sc:definition>
                      <sc:descriptorValues>
                        <sc:DescriptorValue>Wegdeel bestemd voor het parkeren van motorvoertuigen.</sc:DescriptorValue>
                      </sc:descriptorValues>
                    </sc:definition>
                    <sc:documentation>
                      <sc:descriptorValues>
                        <sc:DescriptorValue>Wegdeel bestemd voor het parkeren van motorvoertuigen.</sc:DescriptorValue>
                      </sc:descriptorValues>
                    </sc:documentation>
                  </sc:descriptors>
                  <sc:sequenceNumber>-1073739123</sc:sequenceNumber>
                </sc:Property>
                <sc:Property>
                  <sc:name>voetgangersgebied</sc:name>
                  <sc:id>711_1630</sc:id>
                  <sc:descriptors>
                    <sc:definition>
                      <sc:descriptorValues>
                        <sc:DescriptorValue>Wegdeel alleen voor het gebruik door voetgangers, waarbij het door voetgangers te gebruiken gebied de volle breedte van de weg beslaat en het gebied een nadrukkelijk openbaar karakter heeft.</sc:DescriptorValue>
                      </sc:descriptorValues>
                    </sc:definition>
                    <sc:documentation>
                      <sc:descriptorValues>
                        <sc:DescriptorValue>Wegdeel alleen voor het gebruik door voetgangers, waarbij het door voetgangers te gebruiken gebied de volle breedte van de weg beslaat en het gebied een nadrukkelijk openbaar karakter heeft.</sc:DescriptorValue>
                      </sc:descriptorValues>
                    </sc:documentation>
                  </sc:descriptors>
                  <sc:sequenceNumber>-1073739122</sc:sequenceNumber>
                </sc:Property>
                <sc:Property>
                  <sc:name>inrit</sc:name>
                  <sc:id>711_1637</sc:id>
                  <sc:descriptors>
                    <sc:definition>
                      <sc:descriptorValues>
                        <sc:DescriptorValue>Toegangswegen, oprijlanen en dergelijke met verkeersfunctie die leiden naar afgelegen erven en terreinen.</sc:DescriptorValue>
                      </sc:descriptorValues>
                    </sc:definition>
                    <sc:documentation>
                      <sc:descriptorValues>
                        <sc:DescriptorValue>Toegangswegen, oprijlanen en dergelijke met verkeersfunctie die leiden naar afgelegen erven en terreinen.</sc:DescriptorValue>
                      </sc:descriptorValues>
                    </sc:documentation>
                  </sc:descriptors>
                  <sc:sequenceNumber>-1073739121</sc:sequenceNumber>
                </sc:Property>
                <sc:Property>
                  <sc:name>woonerf</sc:name>
                  <sc:id>711_1632</sc:id>
                  <sc:descriptors>
                    <sc:definition>
                      <sc:descriptorValues>
                        <sc:DescriptorValue>Wegdeel waar de verblijfsfunctie (lopen, spelen, ontmoeten enzovoorts) prioriteit heeft boven de verkeersfunctie.</sc:DescriptorValue>
                      </sc:descriptorValues>
                    </sc:definition>
                    <sc:documentation>
                      <sc:descriptorValues>
                        <sc:DescriptorValue>Wegdeel waar de verblijfsfunctie (lopen, spelen, ontmoeten enzovoorts) prioriteit heeft boven de verkeersfunctie.</sc:DescriptorValue>
                      </sc:descriptorValues>
                    </sc:documentation>
                  </sc:descriptors>
                  <sc:sequenceNumber>-1073739120</sc:sequenceNumber>
                </sc:Property>
                <sc:Property>
                  <sc:name>transitie</sc:name>
                  <sc:id>711_2239</sc:id>
                  <sc:descriptors>
                    <sc:definition>
                      <sc:descriptorValues>
                        <sc:DescriptorValue>De waarde is tijdens transitie niet bekend.</sc:DescriptorValue>
                      </sc:descriptorValues>
                    </sc:definition>
                    <sc:documentation>
                      <sc:descriptorValues>
                        <sc:DescriptorValue>De waarde is tijdens transitie niet bekend.</sc:DescriptorValue>
                      </sc:descriptorValues>
                    </sc:documentation>
                  </sc:descriptors>
                  <sc:sequenceNumber>-1073739119</sc:sequenceNumber>
                </sc:Property>
              </sc:properties>
            </sc:Class>
            <sc:Class>
              <sc:name>TypePutPlus</sc:name>
              <sc:id>724</sc:id>
              <sc:stereotypes>
                <sc:Stereotype>codelist</sc:Stereotype>
              </sc:stereotypes>
              <sc:taggedValues>
                <sc:TaggedValue>
                  <sc:name>asDictionary</sc:name>
                  <sc:values>
                    <sc:Value>true</sc:Value>
                  </sc:values>
                </sc:TaggedValue>
                <sc:TaggedValue>
                  <sc:name>codeList</sc:name>
                </sc:TaggedValue>
              </sc:taggedValues>
              <sc:properties>
                <sc:Property>
                  <sc:name>benzine- / olieput</sc:name>
                  <sc:id>724_1776</sc:id>
                  <sc:descriptors>
                    <sc:definition>
                      <sc:descriptorValues>
                        <sc:DescriptorValue>Putdeksel die toegang geeft tot een benzine- of olietank ten behoeve van vullen, onderhoud of inspectie.</sc:DescriptorValue>
                      </sc:descriptorValues>
                    </sc:definition>
                    <sc:documentation>
                      <sc:descriptorValues>
                        <sc:DescriptorValue>Putdeksel die toegang geeft tot een benzine- of olietank ten behoeve van vullen, onderhoud of inspectie.</sc:DescriptorValue>
                      </sc:descriptorValues>
                    </sc:documentation>
                  </sc:descriptors>
                  <sc:sequenceNumber>-1073739118</sc:sequenceNumber>
                </sc:Property>
                <sc:Property>
                  <sc:name>brandkraan / -put</sc:name>
                  <sc:id>724_1777</sc:id>
                  <sc:descriptors>
                    <sc:definition>
                      <sc:descriptorValues>
                        <sc:DescriptorValue>Op de drinkwaterleiding aangesloten kraan, of een put voor het plaatsen van een brandkraan, op of nabij de openbare weg, voor brandbestrijding.</sc:DescriptorValue>
                      </sc:descriptorValues>
                    </sc:definition>
                    <sc:documentation>
                      <sc:descriptorValues>
                        <sc:DescriptorValue>Op de drinkwaterleiding aangesloten kraan, of een put voor het plaatsen van een brandkraan, op of nabij de openbare weg, voor brandbestrijding.</sc:DescriptorValue>
                      </sc:descriptorValues>
                    </sc:documentation>
                  </sc:descriptors>
                  <sc:sequenceNumber>-1073739117</sc:sequenceNumber>
                </sc:Property>
                <sc:Property>
                  <sc:name>drainageput</sc:name>
                  <sc:id>724_1778</sc:id>
                  <sc:descriptors>
                    <sc:definition>
                      <sc:descriptorValues>
                        <sc:DescriptorValue>Put welke toegang geeft naar een poreuze of geperforeerde buisleiding, aangebracht onder de grond om de afwatering van de grond te verbeteren.</sc:DescriptorValue>
                      </sc:descriptorValues>
                    </sc:definition>
                    <sc:documentation>
                      <sc:descriptorValues>
                        <sc:DescriptorValue>Put welke toegang geeft naar een poreuze of geperforeerde buisleiding, aangebracht onder de grond om de afwatering van de grond te verbeteren.</sc:DescriptorValue>
                      </sc:descriptorValues>
                    </sc:documentation>
                  </sc:descriptors>
                  <sc:sequenceNumber>-1073739116</sc:sequenceNumber>
                </sc:Property>
                <sc:Property>
                  <sc:name>gasput</sc:name>
                  <sc:id>724_1779</sc:id>
                  <sc:descriptors>
                    <sc:definition>
                      <sc:descriptorValues>
                        <sc:DescriptorValue>Put met afsluitkraan ten behoeve van het ondergrondse leidingenstelsel voor gastransport.</sc:DescriptorValue>
                      </sc:descriptorValues>
                    </sc:definition>
                    <sc:documentation>
                      <sc:descriptorValues>
                        <sc:DescriptorValue>Put met afsluitkraan ten behoeve van het ondergrondse leidingenstelsel voor gastransport.</sc:DescriptorValue>
                      </sc:descriptorValues>
                    </sc:documentation>
                  </sc:descriptors>
                  <sc:sequenceNumber>-1073739115</sc:sequenceNumber>
                </sc:Property>
                <sc:Property>
                  <sc:name>inspectie- / rioolput</sc:name>
                  <sc:id>724_1780</sc:id>
                  <sc:descriptors>
                    <sc:definition>
                      <sc:descriptorValues>
                        <sc:DescriptorValue>Put die toegang geeft tot een (riool)leiding.</sc:DescriptorValue>
                      </sc:descriptorValues>
                    </sc:definition>
                    <sc:documentation>
                      <sc:descriptorValues>
                        <sc:DescriptorValue>Put die toegang geeft tot een (riool)leiding.</sc:DescriptorValue>
                      </sc:descriptorValues>
                    </sc:documentation>
                  </sc:descriptors>
                  <sc:sequenceNumber>-1073739114</sc:sequenceNumber>
                </sc:Property>
                <sc:Property>
                  <sc:name>kolk</sc:name>
                  <sc:id>724_1781</sc:id>
                  <sc:descriptors>
                    <sc:definition>
                      <sc:descriptorValues>
                        <sc:DescriptorValue>Op het riool aangesloten voorziening voor de opvang van hemel- en afvalwater afkomstig van erop aangesloten oppervlakken.</sc:DescriptorValue>
                      </sc:descriptorValues>
                    </sc:definition>
                    <sc:documentation>
                      <sc:descriptorValues>
                        <sc:DescriptorValue>Op het riool aangesloten voorziening voor de opvang van hemel- en afvalwater afkomstig van erop aangesloten oppervlakken.</sc:DescriptorValue>
                      </sc:descriptorValues>
                    </sc:documentation>
                  </sc:descriptors>
                  <sc:sequenceNumber>-1073739113</sc:sequenceNumber>
                </sc:Property>
                <sc:Property>
                  <sc:name>waterleidingput</sc:name>
                  <sc:id>724_1782</sc:id>
                  <sc:descriptors>
                    <sc:definition>
                      <sc:descriptorValues>
                        <sc:DescriptorValue>Put met afsluitkraan ten behoeve van het ondergrondse leidingenstelsel voor watertransport.</sc:DescriptorValue>
                      </sc:descriptorValues>
                    </sc:definition>
                    <sc:documentation>
                      <sc:descriptorValues>
                        <sc:DescriptorValue>Put met afsluitkraan ten behoeve van het ondergrondse leidingenstelsel voor watertransport.</sc:DescriptorValue>
                      </sc:descriptorValues>
                    </sc:documentation>
                  </sc:descriptors>
                  <sc:sequenceNumber>-1073739112</sc:sequenceNumber>
                </sc:Property>
              </sc:properties>
            </sc:Class>
            <sc:Class>
              <sc:name>TypeWater</sc:name>
              <sc:id>728</sc:id>
              <sc:stereotypes>
                <sc:Stereotype>codelist</sc:Stereotype>
              </sc:stereotypes>
              <sc:descriptors>
                <sc:definition>
                  <sc:descriptorValues>
                    <sc:DescriptorValue>Specificatie van het soort Water.</sc:DescriptorValue>
                  </sc:descriptorValues>
                </sc:definition>
                <sc:documentation>
                  <sc:descriptorValues>
                    <sc:DescriptorValue>Specificatie van het soort Water.</sc:DescriptorValue>
                  </sc:descriptorValues>
                </sc:documentation>
              </sc:descriptors>
              <sc:taggedValues>
                <sc:TaggedValue>
                  <sc:name>asDictionary</sc:name>
                  <sc:values>
                    <sc:Value>true</sc:Value>
                  </sc:values>
                </sc:TaggedValue>
                <sc:TaggedValue>
                  <sc:name>codeList</sc:name>
                </sc:TaggedValue>
              </sc:taggedValues>
              <sc:properties>
                <sc:Property>
                  <sc:name>zee</sc:name>
                  <sc:id>728_1826</sc:id>
                  <sc:descriptors>
                    <sc:definition>
                      <sc:descriptorValues>
                        <sc:DescriptorValue>Uitgestrekt oppervlak zout water.</sc:DescriptorValue>
                      </sc:descriptorValues>
                    </sc:definition>
                    <sc:documentation>
                      <sc:descriptorValues>
                        <sc:DescriptorValue>Uitgestrekt oppervlak zout water.</sc:DescriptorValue>
                      </sc:descriptorValues>
                    </sc:documentation>
                  </sc:descriptors>
                  <sc:sequenceNumber>-1073739111</sc:sequenceNumber>
                </sc:Property>
                <sc:Property>
                  <sc:name>waterloop</sc:name>
                  <sc:id>728_1827</sc:id>
                  <sc:descriptors>
                    <sc:definition>
                      <sc:descriptorValues>
                        <sc:DescriptorValue>Een voor de waterbeheersing bestemde geul die meestal permanent water bevat (zoals rivier, kanaal, beek, sloot, gracht).</sc:DescriptorValue>
                      </sc:descriptorValues>
                    </sc:definition>
                    <sc:documentation>
                      <sc:descriptorValues>
                        <sc:DescriptorValue>Een voor de waterbeheersing bestemde geul die meestal permanent water bevat (zoals rivier, kanaal, beek, sloot, gracht).</sc:DescriptorValue>
                      </sc:descriptorValues>
                    </sc:documentation>
                  </sc:descriptors>
                  <sc:sequenceNumber>-1073739110</sc:sequenceNumber>
                </sc:Property>
                <sc:Property>
                  <sc:name>watervlakte</sc:name>
                  <sc:id>728_1828</sc:id>
                  <sc:descriptors>
                    <sc:definition>
                      <sc:descriptorValues>
                        <sc:DescriptorValue>Alle oppervlakken die vrij permanent met zoet water zijn bedekt. (zoals meer, plas, ven, vijver).</sc:DescriptorValue>
                      </sc:descriptorValues>
                    </sc:definition>
                    <sc:documentation>
                      <sc:descriptorValues>
                        <sc:DescriptorValue>Alle oppervlakken die vrij permanent met zoet water zijn bedekt. (zoals meer, plas, ven, vijver).</sc:DescriptorValue>
                      </sc:descriptorValues>
                    </sc:documentation>
                  </sc:descriptors>
                  <sc:sequenceNumber>-1073739109</sc:sequenceNumber>
                </sc:Property>
                <sc:Property>
                  <sc:name>greppel, droge sloot</sc:name>
                  <sc:id>728_1650</sc:id>
                  <sc:descriptors>
                    <sc:definition>
                      <sc:descriptorValues>
                        <sc:DescriptorValue>Een ten behoeve van de waterbeheersing gegraven geul die al dan niet met water bedekt is.</sc:DescriptorValue>
                      </sc:descriptorValues>
                    </sc:definition>
                    <sc:documentation>
                      <sc:descriptorValues>
                        <sc:DescriptorValue>Een ten behoeve van de waterbeheersing gegraven geul die al dan niet met water bedekt is.</sc:DescriptorValue>
                      </sc:descriptorValues>
                    </sc:documentation>
                  </sc:descriptors>
                  <sc:sequenceNumber>-1073739108</sc:sequenceNumber>
                </sc:Property>
                <sc:Property>
                  <sc:name>transitie</sc:name>
                  <sc:id>728_2242</sc:id>
                  <sc:descriptors>
                    <sc:definition>
                      <sc:descriptorValues>
                        <sc:DescriptorValue>De waarde is tijdens transitie niet bekend.</sc:DescriptorValue>
                      </sc:descriptorValues>
                    </sc:definition>
                    <sc:documentation>
                      <sc:descriptorValues>
                        <sc:DescriptorValue>De waarde is tijdens transitie niet bekend.</sc:DescriptorValue>
                      </sc:descriptorValues>
                    </sc:documentation>
                  </sc:descriptors>
                  <sc:sequenceNumber>-1073739107</sc:sequenceNumber>
                </sc:Property>
              </sc:properties>
            </sc:Class>
            <sc:Class>
              <sc:name>FunctieWegPlus</sc:name>
              <sc:id>960</sc:id>
              <sc:stereotypes>
                <sc:Stereotype>codelist</sc:Stereotype>
              </sc:stereotypes>
              <sc:descriptors>
                <sc:definition>
                  <sc:descriptorValues>
                    <sc:DescriptorValue>Specificatie van het hoofdgebruiksdoel van het wegdeel, nadere classificatie.</sc:DescriptorValue>
                  </sc:descriptorValues>
                </sc:definition>
                <sc:documentation>
                  <sc:descriptorValues>
                    <sc:DescriptorValue>Specificatie van het hoofdgebruiksdoel van het wegdeel, nadere classificatie.</sc:DescriptorValue>
                  </sc:descriptorValues>
                </sc:documentation>
              </sc:descriptors>
              <sc:taggedValues>
                <sc:TaggedValue>
                  <sc:name>asDictionary</sc:name>
                  <sc:values>
                    <sc:Value>true</sc:Value>
                  </sc:values>
                </sc:TaggedValue>
                <sc:TaggedValue>
                  <sc:name>codeList</sc:name>
                </sc:TaggedValue>
                <sc:TaggedValue>
                  <sc:name>parent</sc:name>
                  <sc:values>
                    <sc:Value>FunctieWeg</sc:Value>
                  </sc:values>
                </sc:TaggedValue>
              </sc:taggedValues>
              <sc:properties>
                <sc:Property>
                  <sc:name>verbindingsweg</sc:name>
                  <sc:id>960_2300</sc:id>
                  <sc:descriptors>
                    <sc:definition>
                      <sc:descriptorValues>
                        <sc:DescriptorValue>Een verbindingsweg is (in principe) een eenrichtingsweg, gelegen binnen een knooppunt of aansluiting, die onderdeel is van de wijze waarop de ongelijkvloersheid is gerealiseerd.</sc:DescriptorValue>
                      </sc:descriptorValues>
                    </sc:definition>
                    <sc:documentation>
                      <sc:descriptorValues>
                        <sc:DescriptorValue>Een verbindingsweg is (in principe) een eenrichtingsweg, gelegen binnen een knooppunt of aansluiting, die onderdeel is van de wijze waarop de ongelijkvloersheid is gerealiseerd.</sc:DescriptorValue>
                      </sc:descriptorValues>
                    </sc:documentation>
                  </sc:descriptors>
                  <sc:taggedValues>
                    <sc:TaggedValue>
                      <sc:name>parent</sc:name>
                      <sc:values>
                        <sc:Value>rijbaan autosnelweg; rijbaan autoweg; rijbaan regionale weg</sc:Value>
                      </sc:values>
                    </sc:TaggedValue>
                  </sc:taggedValues>
                  <sc:sequenceNumber>-1073739106</sc:sequenceNumber>
                </sc:Property>
                <sc:Property>
                  <sc:name>calamiteitendoorsteek</sc:name>
                  <sc:id>960_2301</sc:id>
                  <sc:descriptors>
                    <sc:definition>
                      <sc:descriptorValues>
                        <sc:DescriptorValue>Een (Calamiteiten doorsteek) CADO heeft tot doel het verkeer op een rijbaan via een doorsteek van de weg te kunnen geleiden in geval van een calamiteit of werkzaamheden op de rijbaan. Een tweede doel is het faciliteren van toegang tot rijbanen voor hulpdiensten vanaf andere rijbanen of van een parallelweg.</sc:DescriptorValue>
                      </sc:descriptorValues>
                    </sc:definition>
                    <sc:documentation>
                      <sc:descriptorValues>
                        <sc:DescriptorValue>Een (Calamiteiten doorsteek) CADO heeft tot doel het verkeer op een rijbaan via een doorsteek van de weg te kunnen geleiden in geval van een calamiteit of werkzaamheden op de rijbaan. Een tweede doel is het faciliteren van toegang tot rijbanen voor hulpdiensten vanaf andere rijbanen of van een parallelweg.</sc:DescriptorValue>
                      </sc:descriptorValues>
                    </sc:documentation>
                  </sc:descriptors>
                  <sc:taggedValues>
                    <sc:TaggedValue>
                      <sc:name>parent</sc:name>
                      <sc:values>
                        <sc:Value>rijbaan autosnelweg; rijbaan autoweg</sc:Value>
                      </sc:values>
                    </sc:TaggedValue>
                  </sc:taggedValues>
                  <sc:sequenceNumber>-1073739105</sc:sequenceNumber>
                </sc:Property>
                <sc:Property>
                  <sc:name>verkeersdrempel</sc:name>
                  <sc:id>960_1636</sc:id>
                  <sc:descriptors>
                    <sc:definition>
                      <sc:descriptorValues>
                        <sc:DescriptorValue>Verhoging in een regionale rijbaan, bedoeld om het gemotoriseerde verkeer met een lage snelheid te laten rijden.</sc:DescriptorValue>
                      </sc:descriptorValues>
                    </sc:definition>
                    <sc:documentation>
                      <sc:descriptorValues>
                        <sc:DescriptorValue>Verhoging in een regionale rijbaan, bedoeld om het gemotoriseerde verkeer met een lage snelheid te laten rijden.</sc:DescriptorValue>
                      </sc:descriptorValues>
                    </sc:documentation>
                  </sc:descriptors>
                  <sc:taggedValues>
                    <sc:TaggedValue>
                      <sc:name>parent</sc:name>
                      <sc:values>
                        <sc:Value>rijbaan regionale weg; rijbaan lokale weg</sc:Value>
                      </sc:values>
                    </sc:TaggedValue>
                  </sc:taggedValues>
                  <sc:sequenceNumber>-1073739104</sc:sequenceNumber>
                </sc:Property>
              </sc:properties>
            </sc:Class>
            <sc:Class>
              <sc:name>TypeWaterPlus</sc:name>
              <sc:id>961</sc:id>
              <sc:stereotypes>
                <sc:Stereotype>codelist</sc:Stereotype>
              </sc:stereotypes>
              <sc:descriptors>
                <sc:definition>
                  <sc:descriptorValues>
                    <sc:DescriptorValue>Specificatie van het soort Water, nadere classificatie.</sc:DescriptorValue>
                  </sc:descriptorValues>
                </sc:definition>
                <sc:documentation>
                  <sc:descriptorValues>
                    <sc:DescriptorValue>Specificatie van het soort Water, nadere classificatie.</sc:DescriptorValue>
                  </sc:descriptorValues>
                </sc:documentation>
              </sc:descriptors>
              <sc:taggedValues>
                <sc:TaggedValue>
                  <sc:name>asDictionary</sc:name>
                  <sc:values>
                    <sc:Value>true</sc:Value>
                  </sc:values>
                </sc:TaggedValue>
                <sc:TaggedValue>
                  <sc:name>codeList</sc:name>
                </sc:TaggedValue>
                <sc:TaggedValue>
                  <sc:name>parent</sc:name>
                  <sc:values>
                    <sc:Value>TypeWater</sc:Value>
                  </sc:values>
                </sc:TaggedValue>
              </sc:taggedValues>
              <sc:properties>
                <sc:Property>
                  <sc:name>rivier</sc:name>
                  <sc:id>961_1829</sc:id>
                  <sc:descriptors>
                    <sc:definition>
                      <sc:descriptorValues>
                        <sc:DescriptorValue>Het water, dat ten atmosferische neerslag op hellende terreinen valt, vloeit, voor zover het niet verdampt of door planten wordt opgenomen, tezamen tot een waterloop en stroomt naar laaggelegen streken. Zulk een natuurlijke afvloeiing heet een rivier.</sc:DescriptorValue>
                      </sc:descriptorValues>
                    </sc:definition>
                    <sc:documentation>
                      <sc:descriptorValues>
                        <sc:DescriptorValue>Het water, dat ten atmosferische neerslag op hellende terreinen valt, vloeit, voor zover het niet verdampt of door planten wordt opgenomen, tezamen tot een waterloop en stroomt naar laaggelegen streken. Zulk een natuurlijke afvloeiing heet een rivier.</sc:DescriptorValue>
                      </sc:descriptorValues>
                    </sc:documentation>
                  </sc:descriptors>
                  <sc:taggedValues>
                    <sc:TaggedValue>
                      <sc:name>parent</sc:name>
                      <sc:values>
                        <sc:Value>waterloop</sc:Value>
                      </sc:values>
                    </sc:TaggedValue>
                  </sc:taggedValues>
                  <sc:sequenceNumber>-1073739103</sc:sequenceNumber>
                </sc:Property>
                <sc:Property>
                  <sc:name>sloot</sc:name>
                  <sc:id>961_1830</sc:id>
                  <sc:descriptors>
                    <sc:definition>
                      <sc:descriptorValues>
                        <sc:DescriptorValue>Algemene benaming voor een waterloop van beperkte breedte die stilstaand of slechts langzaam stromend water bevat.</sc:DescriptorValue>
                      </sc:descriptorValues>
                    </sc:definition>
                    <sc:documentation>
                      <sc:descriptorValues>
                        <sc:DescriptorValue>Algemene benaming voor een waterloop van beperkte breedte die stilstaand of slechts langzaam stromend water bevat. </sc:DescriptorValue>
                      </sc:descriptorValues>
                    </sc:documentation>
                  </sc:descriptors>
                  <sc:taggedValues>
                    <sc:TaggedValue>
                      <sc:name>parent</sc:name>
                      <sc:values>
                        <sc:Value>waterloop</sc:Value>
                      </sc:values>
                    </sc:TaggedValue>
                  </sc:taggedValues>
                  <sc:sequenceNumber>-1073739102</sc:sequenceNumber>
                </sc:Property>
                <sc:Property>
                  <sc:name>kanaal</sc:name>
                  <sc:id>961_1831</sc:id>
                  <sc:descriptors>
                    <sc:definition>
                      <sc:descriptorValues>
                        <sc:DescriptorValue>Een gegraven grote waterloop die dient voor scheepvaart en/of watertransport.</sc:DescriptorValue>
                      </sc:descriptorValues>
                    </sc:definition>
                    <sc:documentation>
                      <sc:descriptorValues>
                        <sc:DescriptorValue>Een gegraven grote waterloop die dient voor scheepvaart en/of watertransport.</sc:DescriptorValue>
                      </sc:descriptorValues>
                    </sc:documentation>
                  </sc:descriptors>
                  <sc:taggedValues>
                    <sc:TaggedValue>
                      <sc:name>parent</sc:name>
                      <sc:values>
                        <sc:Value>waterloop</sc:Value>
                      </sc:values>
                    </sc:TaggedValue>
                  </sc:taggedValues>
                  <sc:sequenceNumber>-1073739101</sc:sequenceNumber>
                </sc:Property>
                <sc:Property>
                  <sc:name>beek</sc:name>
                  <sc:id>961_1832</sc:id>
                  <sc:descriptors>
                    <sc:definition>
                      <sc:descriptorValues>
                        <sc:DescriptorValue>Een natuurlijke smalle waterloop zonder getij.</sc:DescriptorValue>
                      </sc:descriptorValues>
                    </sc:definition>
                    <sc:documentation>
                      <sc:descriptorValues>
                        <sc:DescriptorValue>Een natuurlijke smalle waterloop zonder getij.</sc:DescriptorValue>
                      </sc:descriptorValues>
                    </sc:documentation>
                  </sc:descriptors>
                  <sc:taggedValues>
                    <sc:TaggedValue>
                      <sc:name>parent</sc:name>
                      <sc:values>
                        <sc:Value>waterloop</sc:Value>
                      </sc:values>
                    </sc:TaggedValue>
                  </sc:taggedValues>
                  <sc:sequenceNumber>-1073739100</sc:sequenceNumber>
                </sc:Property>
                <sc:Property>
                  <sc:name>gracht</sc:name>
                  <sc:id>961_1833</sc:id>
                  <sc:descriptors>
                    <sc:definition>
                      <sc:descriptorValues>
                        <sc:DescriptorValue>Een gracht is een gegraven greppel met water, die hoofdzakelijk voorkomt in oude steden.</sc:DescriptorValue>
                      </sc:descriptorValues>
                    </sc:definition>
                    <sc:documentation>
                      <sc:descriptorValues>
                        <sc:DescriptorValue>Een gracht is een gegraven greppel met water, die hoofdzakelijk voorkomt in oude steden.</sc:DescriptorValue>
                      </sc:descriptorValues>
                    </sc:documentation>
                  </sc:descriptors>
                  <sc:taggedValues>
                    <sc:TaggedValue>
                      <sc:name>parent</sc:name>
                      <sc:values>
                        <sc:Value>waterloop</sc:Value>
                      </sc:values>
                    </sc:TaggedValue>
                  </sc:taggedValues>
                  <sc:sequenceNumber>-1073739099</sc:sequenceNumber>
                </sc:Property>
                <sc:Property>
                  <sc:name>bron</sc:name>
                  <sc:id>961_1835</sc:id>
                  <sc:descriptors>
                    <sc:definition>
                      <sc:descriptorValues>
                        <sc:DescriptorValue>Grondwater dat op natuurlijke wijze uit het aardoppervlak tevoorschijn komt.</sc:DescriptorValue>
                      </sc:descriptorValues>
                    </sc:definition>
                    <sc:documentation>
                      <sc:descriptorValues>
                        <sc:DescriptorValue>Grondwater dat op natuurlijke wijze uit het aardoppervlak tevoorschijn komt.</sc:DescriptorValue>
                      </sc:descriptorValues>
                    </sc:documentation>
                  </sc:descriptors>
                  <sc:taggedValues>
                    <sc:TaggedValue>
                      <sc:name>parent</sc:name>
                      <sc:values>
                        <sc:Value>waterloop</sc:Value>
                      </sc:values>
                    </sc:TaggedValue>
                  </sc:taggedValues>
                  <sc:sequenceNumber>-1073739098</sc:sequenceNumber>
                </sc:Property>
                <sc:Property>
                  <sc:name>haven</sc:name>
                  <sc:id>961_1837</sc:id>
                  <sc:descriptors>
                    <sc:definition>
                      <sc:descriptorValues>
                        <sc:DescriptorValue>Een tot ligplaats van schepen geschikt, natuurlijk of gegraven waterbekken aan zee of aan de oever van een rivier of binnenwater, dat beschutting biedt tegen wind en golven.</sc:DescriptorValue>
                      </sc:descriptorValues>
                    </sc:definition>
                    <sc:documentation>
                      <sc:descriptorValues>
                        <sc:DescriptorValue>Een tot ligplaats van schepen geschikt, natuurlijk of gegraven waterbekken aan zee of aan de oever van een rivier of binnenwater, dat beschutting biedt tegen wind en golven.</sc:DescriptorValue>
                      </sc:descriptorValues>
                    </sc:documentation>
                  </sc:descriptors>
                  <sc:taggedValues>
                    <sc:TaggedValue>
                      <sc:name>parent</sc:name>
                      <sc:values>
                        <sc:Value>watervlakte</sc:Value>
                      </sc:values>
                    </sc:TaggedValue>
                  </sc:taggedValues>
                  <sc:sequenceNumber>-1073739097</sc:sequenceNumber>
                </sc:Property>
                <sc:Property>
                  <sc:name>meer, plas, ven, vijver</sc:name>
                  <sc:id>961_1838</sc:id>
                  <sc:descriptors>
                    <sc:definition>
                      <sc:descriptorValues>
                        <sc:DescriptorValue>Een massa stilstaand landoppervlaktewater.</sc:DescriptorValue>
                      </sc:descriptorValues>
                    </sc:definition>
                    <sc:documentation>
                      <sc:descriptorValues>
                        <sc:DescriptorValue>Een massa stilstaand landoppervlaktewater.</sc:DescriptorValue>
                      </sc:descriptorValues>
                    </sc:documentation>
                  </sc:descriptors>
                  <sc:taggedValues>
                    <sc:TaggedValue>
                      <sc:name>parent</sc:name>
                      <sc:values>
                        <sc:Value>watervlakte</sc:Value>
                      </sc:values>
                    </sc:TaggedValue>
                  </sc:taggedValues>
                  <sc:sequenceNumber>-1073739096</sc:sequenceNumber>
                </sc:Property>
              </sc:properties>
            </sc:Class>
            <sc:Class>
              <sc:name>TypePut</sc:name>
              <sc:id>970</sc:id>
              <sc:stereotypes>
                <sc:Stereotype>codelist</sc:Stereotype>
              </sc:stereotypes>
              <sc:taggedValues>
                <sc:TaggedValue>
                  <sc:name>asDictionary</sc:name>
                  <sc:values>
                    <sc:Value>true</sc:Value>
                  </sc:values>
                </sc:TaggedValue>
                <sc:TaggedValue>
                  <sc:name>codeList</sc:name>
                </sc:TaggedValue>
              </sc:taggedValues>
              <sc:properties>
                <sc:Property>
                  <sc:name>niet-bgt</sc:name>
                  <sc:id>970_2386</sc:id>
                  <sc:descriptors>
                    <sc:definition>
                      <sc:descriptorValues>
                        <sc:DescriptorValue>Het object is geen BGT object.</sc:DescriptorValue>
                      </sc:descriptorValues>
                    </sc:definition>
                    <sc:documentation>
                      <sc:descriptorValues>
                        <sc:DescriptorValue>Het object is geen BGT object.</sc:DescriptorValue>
                      </sc:descriptorValues>
                    </sc:documentation>
                  </sc:descriptors>
                  <sc:sequenceNumber>-1073739095</sc:sequenceNumber>
                </sc:Property>
              </sc:properties>
            </sc:Class>
          </sc:classes>
        </sc:Package>
      </sc:packages>
    </sc:Package>
  </sc:packages>
</sc:Model>