<?xml version="1.0" encoding="UTF-8"?>
<sc:Model xsi:schemaLocation="http://shapechange.net/model http://shapechange.net/resources/schema/ShapeChangeExportedModel.xsd" encoding="UTF-8" scxmlProducer="ShapeChange" scxmlProducerVersion="unittest" xmlns:sc="http://shapechange.net/model" xmlns:xsi="http://www.w3.org/2001/XMLSchema-instance">
  <sc:packages>
    <sc:Package>
      <sc:name>Model</sc:name>
      <sc:id>P1</sc:id>
      <sc:packages>
        <sc:Package>
          <sc:name>Schemas</sc:name>
          <sc:id>P174</sc:id>
          <sc:packages>
            <sc:Package>
              <sc:name>Test Schema</sc:name>
              <sc:id>P175</sc:id>
              <sc:stereotypes>
                <sc:Stereotype>application schema</sc:Stereotype>
              </sc:stereotypes>
              <sc:descriptors>
                <sc:alias>
                  <sc:descriptorValues>
                    <sc:DescriptorValue>applicationSchema</sc:DescriptorValue>
                  </sc:descriptorValues>
                </sc:alias>
              </sc:descriptors>
              <sc:taggedValues>
                <sc:TaggedValue>
                  <sc:name>gmlProfileSchema</sc:name>
                </sc:TaggedValue>
                <sc:TaggedValue>
                  <sc:name>targetNamespace</sc:name>
                  <sc:values>
                    <sc:Value>http://example.org/shapechange/profiling/withMetadata</sc:Value>
                  </sc:values>
                </sc:TaggedValue>
                <sc:TaggedValue>
                  <sc:name>version</sc:name>
                  <sc:values>
                    <sc:Value>1.0</sc:Value>
                  </sc:values>
                </sc:TaggedValue>
                <sc:TaggedValue>
                  <sc:name>xmlns</sc:name>
                  <sc:values>
                    <sc:Value>sc</sc:Value>
                  </sc:values>
                </sc:TaggedValue>
                <sc:TaggedValue>
                  <sc:name>xsdDocument</sc:name>
                  <sc:values>
                    <sc:Value>profilingWithMetadata.xsd</sc:Value>
                  </sc:values>
                </sc:TaggedValue>
              </sc:taggedValues>
              <sc:packages>
                <sc:Package>
                  <sc:name>Test1 multiplicity and navigability</sc:name>
                  <sc:id>P176</sc:id>
                  <sc:descriptors>
                    <sc:alias>
                      <sc:descriptorValues>
                        <sc:DescriptorValue>leaf</sc:DescriptorValue>
                      </sc:descriptorValues>
                    </sc:alias>
                  </sc:descriptors>
                  <sc:taggedValues>
                    <sc:TaggedValue>
                      <sc:name>xsdDocument</sc:name>
                    </sc:TaggedValue>
                  </sc:taggedValues>
                  <sc:classes>
                    <sc:Class>
                      <sc:name>T1_FeatureA</sc:name>
                      <sc:id>16483</sc:id>
                      <sc:stereotypes>
                        <sc:Stereotype>featuretype</sc:Stereotype>
                      </sc:stereotypes>
                      <sc:taggedValues>
                        <sc:TaggedValue>
                          <sc:name>byValuePropertyType</sc:name>
                          <sc:values>
                            <sc:Value>false</sc:Value>
                          </sc:values>
                        </sc:TaggedValue>
                        <sc:TaggedValue>
                          <sc:name>gmlMixin</sc:name>
                          <sc:values>
                            <sc:Value>false</sc:Value>
                          </sc:values>
                        </sc:TaggedValue>
                        <sc:TaggedValue>
                          <sc:name>isCollection</sc:name>
                          <sc:values>
                            <sc:Value>false</sc:Value>
                          </sc:values>
                        </sc:TaggedValue>
                        <sc:TaggedValue>
                          <sc:name>noPropertyType</sc:name>
                          <sc:values>
                            <sc:Value>false</sc:Value>
                          </sc:values>
                        </sc:TaggedValue>
                        <sc:TaggedValue>
                          <sc:name>profiles</sc:name>
                          <sc:values>
                            <sc:Value>A</sc:Value>
                          </sc:values>
                        </sc:TaggedValue>
                      </sc:taggedValues>
                      <sc:profiles>
                        <sc:Profile name="A"></sc:Profile>
                      </sc:profiles>
                      <sc:properties>
                        <sc:Property>
                          <sc:name>a1</sc:name>
                          <sc:id>16483_51013</sc:id>
                          <sc:taggedValues>
                            <sc:TaggedValue>
                              <sc:name>inlineOrByReference</sc:name>
                              <sc:values>
                                <sc:Value>inlineOrByReference</sc:Value>
                              </sc:values>
                            </sc:TaggedValue>
                            <sc:TaggedValue>
                              <sc:name>isMetadata</sc:name>
                              <sc:values>
                                <sc:Value>false</sc:Value>
                              </sc:values>
                            </sc:TaggedValue>
                            <sc:TaggedValue>
                              <sc:name>profiles</sc:name>
                              <sc:values>
                                <sc:Value>A(multiplicity[0..1])</sc:Value>
                              </sc:values>
                            </sc:TaggedValue>
                            <sc:TaggedValue>
                              <sc:name>sequenceNumber</sc:name>
                              <sc:values>
                                <sc:Value>1</sc:Value>
                              </sc:values>
                            </sc:TaggedValue>
                          </sc:taggedValues>
                          <sc:profiles>
                            <sc:Profile name="A">
                              <sc:parameter>
                                <sc:ProfileParameter name="multiplicity" value="0..1"></sc:ProfileParameter>
                              </sc:parameter>
                            </sc:Profile>
                          </sc:profiles>
                          <sc:cardinality>0..*</sc:cardinality>
                          <sc:sequenceNumber>1</sc:sequenceNumber>
                          <sc:typeName>Integer</sc:typeName>
                          <sc:isComposition>true</sc:isComposition>
                        </sc:Property>
                        <sc:Property>
                          <sc:name>a2</sc:name>
                          <sc:id>16483_51014</sc:id>
                          <sc:taggedValues>
                            <sc:TaggedValue>
                              <sc:name>inlineOrByReference</sc:name>
                              <sc:values>
                                <sc:Value>inlineOrByReference</sc:Value>
                              </sc:values>
                            </sc:TaggedValue>
                            <sc:TaggedValue>
                              <sc:name>isMetadata</sc:name>
                              <sc:values>
                                <sc:Value>false</sc:Value>
                              </sc:values>
                            </sc:TaggedValue>
                            <sc:TaggedValue>
                              <sc:name>profiles</sc:name>
                              <sc:values>
                                <sc:Value>A(multiplicity[1..*])</sc:Value>
                              </sc:values>
                            </sc:TaggedValue>
                            <sc:TaggedValue>
                              <sc:name>sequenceNumber</sc:name>
                              <sc:values>
                                <sc:Value>2</sc:Value>
                              </sc:values>
                            </sc:TaggedValue>
                          </sc:taggedValues>
                          <sc:profiles>
                            <sc:Profile name="A">
                              <sc:parameter>
                                <sc:ProfileParameter name="multiplicity" value="1..*"></sc:ProfileParameter>
                              </sc:parameter>
                            </sc:Profile>
                          </sc:profiles>
                          <sc:cardinality>0..*</sc:cardinality>
                          <sc:sequenceNumber>2</sc:sequenceNumber>
                          <sc:typeName>Integer</sc:typeName>
                          <sc:isComposition>true</sc:isComposition>
                        </sc:Property>
                        <sc:Property>
                          <sc:name>a3</sc:name>
                          <sc:id>16483_51015</sc:id>
                          <sc:taggedValues>
                            <sc:TaggedValue>
                              <sc:name>inlineOrByReference</sc:name>
                              <sc:values>
                                <sc:Value>inlineOrByReference</sc:Value>
                              </sc:values>
                            </sc:TaggedValue>
                            <sc:TaggedValue>
                              <sc:name>isMetadata</sc:name>
                              <sc:values>
                                <sc:Value>false</sc:Value>
                              </sc:values>
                            </sc:TaggedValue>
                            <sc:TaggedValue>
                              <sc:name>profiles</sc:name>
                              <sc:values>
                                <sc:Value>A(multiplicity[5..10])</sc:Value>
                              </sc:values>
                            </sc:TaggedValue>
                            <sc:TaggedValue>
                              <sc:name>sequenceNumber</sc:name>
                              <sc:values>
                                <sc:Value>3</sc:Value>
                              </sc:values>
                            </sc:TaggedValue>
                          </sc:taggedValues>
                          <sc:profiles>
                            <sc:Profile name="A">
                              <sc:parameter>
                                <sc:ProfileParameter name="multiplicity" value="5..10"></sc:ProfileParameter>
                              </sc:parameter>
                            </sc:Profile>
                          </sc:profiles>
                          <sc:cardinality>0..*</sc:cardinality>
                          <sc:sequenceNumber>3</sc:sequenceNumber>
                          <sc:typeName>Integer</sc:typeName>
                          <sc:isComposition>true</sc:isComposition>
                        </sc:Property>
                        <sc:Property>
                          <sc:name>a4</sc:name>
                          <sc:id>16483_51016</sc:id>
                          <sc:taggedValues>
                            <sc:TaggedValue>
                              <sc:name>inlineOrByReference</sc:name>
                              <sc:values>
                                <sc:Value>inlineOrByReference</sc:Value>
                              </sc:values>
                            </sc:TaggedValue>
                            <sc:TaggedValue>
                              <sc:name>isMetadata</sc:name>
                              <sc:values>
                                <sc:Value>false</sc:Value>
                              </sc:values>
                            </sc:TaggedValue>
                            <sc:TaggedValue>
                              <sc:name>profiles</sc:name>
                              <sc:values>
                                <sc:Value>A(multiplicity[0..1])</sc:Value>
                              </sc:values>
                            </sc:TaggedValue>
                            <sc:TaggedValue>
                              <sc:name>sequenceNumber</sc:name>
                              <sc:values>
                                <sc:Value>4</sc:Value>
                              </sc:values>
                            </sc:TaggedValue>
                          </sc:taggedValues>
                          <sc:profiles>
                            <sc:Profile name="A">
                              <sc:parameter>
                                <sc:ProfileParameter name="multiplicity" value="0..1"></sc:ProfileParameter>
                              </sc:parameter>
                            </sc:Profile>
                          </sc:profiles>
                          <sc:sequenceNumber>4</sc:sequenceNumber>
                          <sc:typeName>Integer</sc:typeName>
                          <sc:isComposition>true</sc:isComposition>
                        </sc:Property>
                        <sc:Property>
                          <sc:name>a6</sc:name>
                          <sc:id>Sas51473</sc:id>
                          <sc:taggedValues>
                            <sc:TaggedValue>
                              <sc:name>inlineOrByReference</sc:name>
                              <sc:values>
                                <sc:Value>inlineOrByReference</sc:Value>
                              </sc:values>
                            </sc:TaggedValue>
                            <sc:TaggedValue>
                              <sc:name>isMetadata</sc:name>
                              <sc:values>
                                <sc:Value>false</sc:Value>
                              </sc:values>
                            </sc:TaggedValue>
                            <sc:TaggedValue>
                              <sc:name>profiles</sc:name>
                              <sc:values>
                                <sc:Value>A(isNavigable[false])</sc:Value>
                              </sc:values>
                            </sc:TaggedValue>
                            <sc:TaggedValue>
                              <sc:name>sequenceNumber</sc:name>
                              <sc:values>
                                <sc:Value>6</sc:Value>
                              </sc:values>
                            </sc:TaggedValue>
                          </sc:taggedValues>
                          <sc:profiles>
                            <sc:Profile name="A">
                              <sc:parameter>
                                <sc:ProfileParameter name="isNavigable" value="false"></sc:ProfileParameter>
                              </sc:parameter>
                            </sc:Profile>
                          </sc:profiles>
                          <sc:sequenceNumber>6</sc:sequenceNumber>
                          <sc:typeId>16484</sc:typeId>
                          <sc:typeName>T1_FeatureB</sc:typeName>
                          <sc:isAttribute>false</sc:isAttribute>
                          <sc:associationId>as51473</sc:associationId>
                        </sc:Property>
                        <sc:Property>
                          <sc:name>a7</sc:name>
                          <sc:id>Sas51475</sc:id>
                          <sc:taggedValues>
                            <sc:TaggedValue>
                              <sc:name>inlineOrByReference</sc:name>
                              <sc:values>
                                <sc:Value>inlineOrByReference</sc:Value>
                              </sc:values>
                            </sc:TaggedValue>
                            <sc:TaggedValue>
                              <sc:name>isMetadata</sc:name>
                              <sc:values>
                                <sc:Value>false</sc:Value>
                              </sc:values>
                            </sc:TaggedValue>
                            <sc:TaggedValue>
                              <sc:name>profiles</sc:name>
                              <sc:values>
                                <sc:Value>A(isNavigable[true])</sc:Value>
                              </sc:values>
                            </sc:TaggedValue>
                            <sc:TaggedValue>
                              <sc:name>sequenceNumber</sc:name>
                              <sc:values>
                                <sc:Value>7</sc:Value>
                              </sc:values>
                            </sc:TaggedValue>
                          </sc:taggedValues>
                          <sc:profiles>
                            <sc:Profile name="A">
                              <sc:parameter>
                                <sc:ProfileParameter name="isNavigable" value="true"></sc:ProfileParameter>
                              </sc:parameter>
                            </sc:Profile>
                          </sc:profiles>
                          <sc:sequenceNumber>7</sc:sequenceNumber>
                          <sc:typeId>16484</sc:typeId>
                          <sc:typeName>T1_FeatureB</sc:typeName>
                          <sc:isAttribute>false</sc:isAttribute>
                          <sc:associationId>as51475</sc:associationId>
                        </sc:Property>
                        <sc:Property>
                          <sc:name>a8</sc:name>
                          <sc:id>Sas51476</sc:id>
                          <sc:taggedValues>
                            <sc:TaggedValue>
                              <sc:name>inlineOrByReference</sc:name>
                              <sc:values>
                                <sc:Value>inlineOrByReference</sc:Value>
                              </sc:values>
                            </sc:TaggedValue>
                            <sc:TaggedValue>
                              <sc:name>isMetadata</sc:name>
                              <sc:values>
                                <sc:Value>false</sc:Value>
                              </sc:values>
                            </sc:TaggedValue>
                            <sc:TaggedValue>
                              <sc:name>profiles</sc:name>
                              <sc:values>
                                <sc:Value>A(isNavigable[false])</sc:Value>
                              </sc:values>
                            </sc:TaggedValue>
                            <sc:TaggedValue>
                              <sc:name>sequenceNumber</sc:name>
                              <sc:values>
                                <sc:Value>8</sc:Value>
                              </sc:values>
                            </sc:TaggedValue>
                          </sc:taggedValues>
                          <sc:profiles>
                            <sc:Profile name="A">
                              <sc:parameter>
                                <sc:ProfileParameter name="isNavigable" value="false"></sc:ProfileParameter>
                              </sc:parameter>
                            </sc:Profile>
                          </sc:profiles>
                          <sc:sequenceNumber>8</sc:sequenceNumber>
                          <sc:typeId>16484</sc:typeId>
                          <sc:typeName>T1_FeatureB</sc:typeName>
                          <sc:isAttribute>false</sc:isAttribute>
                          <sc:associationId>as51476</sc:associationId>
                        </sc:Property>
                      </sc:properties>
                    </sc:Class>
                    <sc:Class>
                      <sc:name>T1_FeatureB</sc:name>
                      <sc:id>16484</sc:id>
                      <sc:stereotypes>
                        <sc:Stereotype>featuretype</sc:Stereotype>
                      </sc:stereotypes>
                      <sc:taggedValues>
                        <sc:TaggedValue>
                          <sc:name>byValuePropertyType</sc:name>
                          <sc:values>
                            <sc:Value>false</sc:Value>
                          </sc:values>
                        </sc:TaggedValue>
                        <sc:TaggedValue>
                          <sc:name>gmlMixin</sc:name>
                          <sc:values>
                            <sc:Value>false</sc:Value>
                          </sc:values>
                        </sc:TaggedValue>
                        <sc:TaggedValue>
                          <sc:name>isCollection</sc:name>
                          <sc:values>
                            <sc:Value>false</sc:Value>
                          </sc:values>
                        </sc:TaggedValue>
                        <sc:TaggedValue>
                          <sc:name>noPropertyType</sc:name>
                          <sc:values>
                            <sc:Value>false</sc:Value>
                          </sc:values>
                        </sc:TaggedValue>
                        <sc:TaggedValue>
                          <sc:name>profiles</sc:name>
                          <sc:values>
                            <sc:Value>A</sc:Value>
                          </sc:values>
                        </sc:TaggedValue>
                      </sc:taggedValues>
                      <sc:profiles>
                        <sc:Profile name="A"></sc:Profile>
                      </sc:profiles>
                      <sc:properties>
                        <sc:Property>
                          <sc:name>b1</sc:name>
                          <sc:id>16484_51017</sc:id>
                          <sc:taggedValues>
                            <sc:TaggedValue>
                              <sc:name>inlineOrByReference</sc:name>
                              <sc:values>
                                <sc:Value>inlineOrByReference</sc:Value>
                              </sc:values>
                            </sc:TaggedValue>
                            <sc:TaggedValue>
                              <sc:name>isMetadata</sc:name>
                              <sc:values>
                                <sc:Value>false</sc:Value>
                              </sc:values>
                            </sc:TaggedValue>
                            <sc:TaggedValue>
                              <sc:name>profiles</sc:name>
                              <sc:values>
                                <sc:Value>A(isNavigable[false])</sc:Value>
                              </sc:values>
                            </sc:TaggedValue>
                            <sc:TaggedValue>
                              <sc:name>sequenceNumber</sc:name>
                              <sc:values>
                                <sc:Value>1</sc:Value>
                              </sc:values>
                            </sc:TaggedValue>
                          </sc:taggedValues>
                          <sc:profiles>
                            <sc:Profile name="A">
                              <sc:parameter>
                                <sc:ProfileParameter name="isNavigable" value="false"></sc:ProfileParameter>
                              </sc:parameter>
                            </sc:Profile>
                          </sc:profiles>
                          <sc:sequenceNumber>1</sc:sequenceNumber>
                          <sc:typeName>CharacterString</sc:typeName>
                          <sc:isComposition>true</sc:isComposition>
                        </sc:Property>
                        <sc:Property>
                          <sc:name>b2</sc:name>
                          <sc:id>Tas51472</sc:id>
                          <sc:taggedValues>
                            <sc:TaggedValue>
                              <sc:name>inlineOrByReference</sc:name>
                              <sc:values>
                                <sc:Value>inlineOrByReference</sc:Value>
                              </sc:values>
                            </sc:TaggedValue>
                            <sc:TaggedValue>
                              <sc:name>isMetadata</sc:name>
                              <sc:values>
                                <sc:Value>false</sc:Value>
                              </sc:values>
                            </sc:TaggedValue>
                            <sc:TaggedValue>
                              <sc:name>profiles</sc:name>
                              <sc:values>
                                <sc:Value>A(isNavigable[false])</sc:Value>
                              </sc:values>
                            </sc:TaggedValue>
                            <sc:TaggedValue>
                              <sc:name>sequenceNumber</sc:name>
                              <sc:values>
                                <sc:Value>2</sc:Value>
                              </sc:values>
                            </sc:TaggedValue>
                          </sc:taggedValues>
                          <sc:profiles>
                            <sc:Profile name="A">
                              <sc:parameter>
                                <sc:ProfileParameter name="isNavigable" value="false"></sc:ProfileParameter>
                              </sc:parameter>
                            </sc:Profile>
                          </sc:profiles>
                          <sc:sequenceNumber>2</sc:sequenceNumber>
                          <sc:typeId>16483</sc:typeId>
                          <sc:typeName>T1_FeatureA</sc:typeName>
                          <sc:isAttribute>false</sc:isAttribute>
                          <sc:associationId>as51472</sc:associationId>
                        </sc:Property>
                        <sc:Property>
                          <sc:name>b3</sc:name>
                          <sc:id>Tas51473</sc:id>
                          <sc:taggedValues>
                            <sc:TaggedValue>
                              <sc:name>inlineOrByReference</sc:name>
                              <sc:values>
                                <sc:Value>inlineOrByReference</sc:Value>
                              </sc:values>
                            </sc:TaggedValue>
                            <sc:TaggedValue>
                              <sc:name>isMetadata</sc:name>
                              <sc:values>
                                <sc:Value>false</sc:Value>
                              </sc:values>
                            </sc:TaggedValue>
                            <sc:TaggedValue>
                              <sc:name>profiles</sc:name>
                              <sc:values>
                                <sc:Value>A(isNavigable[true])</sc:Value>
                              </sc:values>
                            </sc:TaggedValue>
                            <sc:TaggedValue>
                              <sc:name>sequenceNumber</sc:name>
                              <sc:values>
                                <sc:Value>3</sc:Value>
                              </sc:values>
                            </sc:TaggedValue>
                          </sc:taggedValues>
                          <sc:profiles>
                            <sc:Profile name="A">
                              <sc:parameter>
                                <sc:ProfileParameter name="isNavigable" value="true"></sc:ProfileParameter>
                              </sc:parameter>
                            </sc:Profile>
                          </sc:profiles>
                          <sc:sequenceNumber>3</sc:sequenceNumber>
                          <sc:typeId>16483</sc:typeId>
                          <sc:typeName>T1_FeatureA</sc:typeName>
                          <sc:isAttribute>false</sc:isAttribute>
                          <sc:associationId>as51473</sc:associationId>
                        </sc:Property>
                        <sc:Property>
                          <sc:name>b4</sc:name>
                          <sc:id>Tas51475</sc:id>
                          <sc:taggedValues>
                            <sc:TaggedValue>
                              <sc:name>inlineOrByReference</sc:name>
                              <sc:values>
                                <sc:Value>inlineOrByReference</sc:Value>
                              </sc:values>
                            </sc:TaggedValue>
                            <sc:TaggedValue>
                              <sc:name>isMetadata</sc:name>
                              <sc:values>
                                <sc:Value>false</sc:Value>
                              </sc:values>
                            </sc:TaggedValue>
                            <sc:TaggedValue>
                              <sc:name>profiles</sc:name>
                              <sc:values>
                                <sc:Value>A(isNavigable[false])</sc:Value>
                              </sc:values>
                            </sc:TaggedValue>
                            <sc:TaggedValue>
                              <sc:name>sequenceNumber</sc:name>
                              <sc:values>
                                <sc:Value>4</sc:Value>
                              </sc:values>
                            </sc:TaggedValue>
                          </sc:taggedValues>
                          <sc:profiles>
                            <sc:Profile name="A">
                              <sc:parameter>
                                <sc:ProfileParameter name="isNavigable" value="false"></sc:ProfileParameter>
                              </sc:parameter>
                            </sc:Profile>
                          </sc:profiles>
                          <sc:sequenceNumber>4</sc:sequenceNumber>
                          <sc:typeId>16483</sc:typeId>
                          <sc:typeName>T1_FeatureA</sc:typeName>
                          <sc:isAttribute>false</sc:isAttribute>
                          <sc:associationId>as51475</sc:associationId>
                        </sc:Property>
                        <sc:Property>
                          <sc:name>b5</sc:name>
                          <sc:id>Tas51476</sc:id>
                          <sc:taggedValues>
                            <sc:TaggedValue>
                              <sc:name>inlineOrByReference</sc:name>
                              <sc:values>
                                <sc:Value>inlineOrByReference</sc:Value>
                              </sc:values>
                            </sc:TaggedValue>
                            <sc:TaggedValue>
                              <sc:name>isMetadata</sc:name>
                              <sc:values>
                                <sc:Value>false</sc:Value>
                              </sc:values>
                            </sc:TaggedValue>
                            <sc:TaggedValue>
                              <sc:name>profiles</sc:name>
                              <sc:values>
                                <sc:Value>A(isNavigable[false])</sc:Value>
                              </sc:values>
                            </sc:TaggedValue>
                            <sc:TaggedValue>
                              <sc:name>sequenceNumber</sc:name>
                              <sc:values>
                                <sc:Value>5</sc:Value>
                              </sc:values>
                            </sc:TaggedValue>
                          </sc:taggedValues>
                          <sc:profiles>
                            <sc:Profile name="A">
                              <sc:parameter>
                                <sc:ProfileParameter name="isNavigable" value="false"></sc:ProfileParameter>
                              </sc:parameter>
                            </sc:Profile>
                          </sc:profiles>
                          <sc:sequenceNumber>5</sc:sequenceNumber>
                          <sc:typeId>16483</sc:typeId>
                          <sc:typeName>T1_FeatureA</sc:typeName>
                          <sc:isAttribute>false</sc:isAttribute>
                          <sc:associationId>as51476</sc:associationId>
                        </sc:Property>
                      </sc:properties>
                    </sc:Class>
                  </sc:classes>
                </sc:Package>
                <sc:Package>
                  <sc:name>Test2 geometry</sc:name>
                  <sc:id>P177</sc:id>
                  <sc:descriptors>
                    <sc:alias>
                      <sc:descriptorValues>
                        <sc:DescriptorValue>leaf</sc:DescriptorValue>
                      </sc:descriptorValues>
                    </sc:alias>
                  </sc:descriptors>
                  <sc:taggedValues>
                    <sc:TaggedValue>
                      <sc:name>xsdDocument</sc:name>
                    </sc:TaggedValue>
                  </sc:taggedValues>
                  <sc:classes>
                    <sc:Class>
                      <sc:name>T2_Feature</sc:name>
                      <sc:id>16494</sc:id>
                      <sc:stereotypes>
                        <sc:Stereotype>featuretype</sc:Stereotype>
                      </sc:stereotypes>
                      <sc:taggedValues>
                        <sc:TaggedValue>
                          <sc:name>byValuePropertyType</sc:name>
                          <sc:values>
                            <sc:Value>false</sc:Value>
                          </sc:values>
                        </sc:TaggedValue>
                        <sc:TaggedValue>
                          <sc:name>gmlMixin</sc:name>
                          <sc:values>
                            <sc:Value>false</sc:Value>
                          </sc:values>
                        </sc:TaggedValue>
                        <sc:TaggedValue>
                          <sc:name>isCollection</sc:name>
                          <sc:values>
                            <sc:Value>false</sc:Value>
                          </sc:values>
                        </sc:TaggedValue>
                        <sc:TaggedValue>
                          <sc:name>noPropertyType</sc:name>
                          <sc:values>
                            <sc:Value>false</sc:Value>
                          </sc:values>
                        </sc:TaggedValue>
                        <sc:TaggedValue>
                          <sc:name>profiles</sc:name>
                          <sc:values>
                            <sc:Value>E(geometry[P,C])</sc:Value>
                          </sc:values>
                        </sc:TaggedValue>
                      </sc:taggedValues>
                      <sc:profiles>
                        <sc:Profile name="E">
                          <sc:parameter>
                            <sc:ProfileParameter name="geometry" value="P,C"></sc:ProfileParameter>
                          </sc:parameter>
                        </sc:Profile>
                      </sc:profiles>
                      <sc:properties>
                        <sc:Property>
                          <sc:name>a1</sc:name>
                          <sc:id>16494_51018</sc:id>
                          <sc:taggedValues>
                            <sc:TaggedValue>
                              <sc:name>inlineOrByReference</sc:name>
                              <sc:values>
                                <sc:Value>inlineOrByReference</sc:Value>
                              </sc:values>
                            </sc:TaggedValue>
                            <sc:TaggedValue>
                              <sc:name>isMetadata</sc:name>
                              <sc:values>
                                <sc:Value>false</sc:Value>
                              </sc:values>
                            </sc:TaggedValue>
                            <sc:TaggedValue>
                              <sc:name>profiles</sc:name>
                              <sc:values>
                                <sc:Value>E</sc:Value>
                              </sc:values>
                            </sc:TaggedValue>
                            <sc:TaggedValue>
                              <sc:name>sequenceNumber</sc:name>
                              <sc:values>
                                <sc:Value>1</sc:Value>
                              </sc:values>
                            </sc:TaggedValue>
                          </sc:taggedValues>
                          <sc:profiles>
                            <sc:Profile name="E"></sc:Profile>
                          </sc:profiles>
                          <sc:sequenceNumber>1</sc:sequenceNumber>
                          <sc:typeName>GM_Point</sc:typeName>
                          <sc:isComposition>true</sc:isComposition>
                        </sc:Property>
                        <sc:Property>
                          <sc:name>a2</sc:name>
                          <sc:id>16494_51019</sc:id>
                          <sc:taggedValues>
                            <sc:TaggedValue>
                              <sc:name>inlineOrByReference</sc:name>
                              <sc:values>
                                <sc:Value>inlineOrByReference</sc:Value>
                              </sc:values>
                            </sc:TaggedValue>
                            <sc:TaggedValue>
                              <sc:name>isMetadata</sc:name>
                              <sc:values>
                                <sc:Value>false</sc:Value>
                              </sc:values>
                            </sc:TaggedValue>
                            <sc:TaggedValue>
                              <sc:name>profiles</sc:name>
                              <sc:values>
                                <sc:Value>E</sc:Value>
                              </sc:values>
                            </sc:TaggedValue>
                            <sc:TaggedValue>
                              <sc:name>sequenceNumber</sc:name>
                              <sc:values>
                                <sc:Value>2</sc:Value>
                              </sc:values>
                            </sc:TaggedValue>
                          </sc:taggedValues>
                          <sc:profiles>
                            <sc:Profile name="E"></sc:Profile>
                          </sc:profiles>
                          <sc:sequenceNumber>2</sc:sequenceNumber>
                          <sc:typeName>GM_Curve</sc:typeName>
                          <sc:isComposition>true</sc:isComposition>
                        </sc:Property>
                        <sc:Property>
                          <sc:name>a3</sc:name>
                          <sc:id>16494_51020</sc:id>
                          <sc:taggedValues>
                            <sc:TaggedValue>
                              <sc:name>inlineOrByReference</sc:name>
                              <sc:values>
                                <sc:Value>inlineOrByReference</sc:Value>
                              </sc:values>
                            </sc:TaggedValue>
                            <sc:TaggedValue>
                              <sc:name>isMetadata</sc:name>
                              <sc:values>
                                <sc:Value>false</sc:Value>
                              </sc:values>
                            </sc:TaggedValue>
                            <sc:TaggedValue>
                              <sc:name>profiles</sc:name>
                              <sc:values>
                                <sc:Value>E</sc:Value>
                              </sc:values>
                            </sc:TaggedValue>
                            <sc:TaggedValue>
                              <sc:name>sequenceNumber</sc:name>
                              <sc:values>
                                <sc:Value>3</sc:Value>
                              </sc:values>
                            </sc:TaggedValue>
                          </sc:taggedValues>
                          <sc:profiles>
                            <sc:Profile name="E"></sc:Profile>
                          </sc:profiles>
                          <sc:sequenceNumber>3</sc:sequenceNumber>
                          <sc:typeName>GM_Surface</sc:typeName>
                          <sc:isComposition>true</sc:isComposition>
                        </sc:Property>
                      </sc:properties>
                    </sc:Class>
                  </sc:classes>
                </sc:Package>
                <sc:Package>
                  <sc:name>Test3 multiple profiles ignore metadata</sc:name>
                  <sc:id>P178</sc:id>
                  <sc:descriptors>
                    <sc:alias>
                      <sc:descriptorValues>
                        <sc:DescriptorValue>leaf</sc:DescriptorValue>
                      </sc:descriptorValues>
                    </sc:alias>
                  </sc:descriptors>
                  <sc:taggedValues>
                    <sc:TaggedValue>
                      <sc:name>xsdDocument</sc:name>
                    </sc:TaggedValue>
                  </sc:taggedValues>
                  <sc:classes>
                    <sc:Class>
                      <sc:name>T3_Feature</sc:name>
                      <sc:id>16486</sc:id>
                      <sc:stereotypes>
                        <sc:Stereotype>featuretype</sc:Stereotype>
                      </sc:stereotypes>
                      <sc:taggedValues>
                        <sc:TaggedValue>
                          <sc:name>byValuePropertyType</sc:name>
                          <sc:values>
                            <sc:Value>false</sc:Value>
                          </sc:values>
                        </sc:TaggedValue>
                        <sc:TaggedValue>
                          <sc:name>gmlMixin</sc:name>
                          <sc:values>
                            <sc:Value>false</sc:Value>
                          </sc:values>
                        </sc:TaggedValue>
                        <sc:TaggedValue>
                          <sc:name>isCollection</sc:name>
                          <sc:values>
                            <sc:Value>false</sc:Value>
                          </sc:values>
                        </sc:TaggedValue>
                        <sc:TaggedValue>
                          <sc:name>noPropertyType</sc:name>
                          <sc:values>
                            <sc:Value>false</sc:Value>
                          </sc:values>
                        </sc:TaggedValue>
                        <sc:TaggedValue>
                          <sc:name>profiles</sc:name>
                          <sc:values>
                            <sc:Value>B(geometry[P]),C(geometry[C])</sc:Value>
                          </sc:values>
                        </sc:TaggedValue>
                      </sc:taggedValues>
                      <sc:profiles>
                        <sc:Profile name="B">
                          <sc:parameter>
                            <sc:ProfileParameter name="geometry" value="P"></sc:ProfileParameter>
                          </sc:parameter>
                        </sc:Profile>
                        <sc:Profile name="C">
                          <sc:parameter>
                            <sc:ProfileParameter name="geometry" value="C"></sc:ProfileParameter>
                          </sc:parameter>
                        </sc:Profile>
                      </sc:profiles>
                      <sc:properties>
                        <sc:Property>
                          <sc:name>att1</sc:name>
                          <sc:id>16486_51009</sc:id>
                          <sc:taggedValues>
                            <sc:TaggedValue>
                              <sc:name>inlineOrByReference</sc:name>
                              <sc:values>
                                <sc:Value>inlineOrByReference</sc:Value>
                              </sc:values>
                            </sc:TaggedValue>
                            <sc:TaggedValue>
                              <sc:name>isMetadata</sc:name>
                              <sc:values>
                                <sc:Value>false</sc:Value>
                              </sc:values>
                            </sc:TaggedValue>
                            <sc:TaggedValue>
                              <sc:name>profiles</sc:name>
                              <sc:values>
                                <sc:Value>B(multiplicity[1..5]),C(multiplicity[1])</sc:Value>
                              </sc:values>
                            </sc:TaggedValue>
                            <sc:TaggedValue>
                              <sc:name>sequenceNumber</sc:name>
                              <sc:values>
                                <sc:Value>1</sc:Value>
                              </sc:values>
                            </sc:TaggedValue>
                          </sc:taggedValues>
                          <sc:profiles>
                            <sc:Profile name="B">
                              <sc:parameter>
                                <sc:ProfileParameter name="multiplicity" value="1..5"></sc:ProfileParameter>
                              </sc:parameter>
                            </sc:Profile>
                            <sc:Profile name="C">
                              <sc:parameter>
                                <sc:ProfileParameter name="multiplicity" value="1"></sc:ProfileParameter>
                              </sc:parameter>
                            </sc:Profile>
                          </sc:profiles>
                          <sc:cardinality>1..*</sc:cardinality>
                          <sc:sequenceNumber>1</sc:sequenceNumber>
                          <sc:typeName>Integer</sc:typeName>
                          <sc:isComposition>true</sc:isComposition>
                        </sc:Property>
                        <sc:Property>
                          <sc:name>att2</sc:name>
                          <sc:id>16486_51010</sc:id>
                          <sc:taggedValues>
                            <sc:TaggedValue>
                              <sc:name>inlineOrByReference</sc:name>
                              <sc:values>
                                <sc:Value>inlineOrByReference</sc:Value>
                              </sc:values>
                            </sc:TaggedValue>
                            <sc:TaggedValue>
                              <sc:name>isMetadata</sc:name>
                              <sc:values>
                                <sc:Value>false</sc:Value>
                              </sc:values>
                            </sc:TaggedValue>
                            <sc:TaggedValue>
                              <sc:name>profiles</sc:name>
                              <sc:values>
                                <sc:Value>B,C</sc:Value>
                              </sc:values>
                            </sc:TaggedValue>
                            <sc:TaggedValue>
                              <sc:name>sequenceNumber</sc:name>
                              <sc:values>
                                <sc:Value>2</sc:Value>
                              </sc:values>
                            </sc:TaggedValue>
                          </sc:taggedValues>
                          <sc:profiles>
                            <sc:Profile name="B"></sc:Profile>
                            <sc:Profile name="C"></sc:Profile>
                          </sc:profiles>
                          <sc:sequenceNumber>2</sc:sequenceNumber>
                          <sc:typeName>GM_Point</sc:typeName>
                          <sc:isComposition>true</sc:isComposition>
                        </sc:Property>
                        <sc:Property>
                          <sc:name>att3</sc:name>
                          <sc:id>16486_51011</sc:id>
                          <sc:taggedValues>
                            <sc:TaggedValue>
                              <sc:name>inlineOrByReference</sc:name>
                              <sc:values>
                                <sc:Value>inlineOrByReference</sc:Value>
                              </sc:values>
                            </sc:TaggedValue>
                            <sc:TaggedValue>
                              <sc:name>isMetadata</sc:name>
                              <sc:values>
                                <sc:Value>false</sc:Value>
                              </sc:values>
                            </sc:TaggedValue>
                            <sc:TaggedValue>
                              <sc:name>profiles</sc:name>
                              <sc:values>
                                <sc:Value>B,C</sc:Value>
                              </sc:values>
                            </sc:TaggedValue>
                            <sc:TaggedValue>
                              <sc:name>sequenceNumber</sc:name>
                              <sc:values>
                                <sc:Value>3</sc:Value>
                              </sc:values>
                            </sc:TaggedValue>
                          </sc:taggedValues>
                          <sc:profiles>
                            <sc:Profile name="B"></sc:Profile>
                            <sc:Profile name="C"></sc:Profile>
                          </sc:profiles>
                          <sc:sequenceNumber>3</sc:sequenceNumber>
                          <sc:typeName>GM_Curve</sc:typeName>
                          <sc:isComposition>true</sc:isComposition>
                        </sc:Property>
                        <sc:Property>
                          <sc:name>att4</sc:name>
                          <sc:id>16486_51012</sc:id>
                          <sc:taggedValues>
                            <sc:TaggedValue>
                              <sc:name>inlineOrByReference</sc:name>
                              <sc:values>
                                <sc:Value>inlineOrByReference</sc:Value>
                              </sc:values>
                            </sc:TaggedValue>
                            <sc:TaggedValue>
                              <sc:name>isMetadata</sc:name>
                              <sc:values>
                                <sc:Value>false</sc:Value>
                              </sc:values>
                            </sc:TaggedValue>
                            <sc:TaggedValue>
                              <sc:name>profiles</sc:name>
                              <sc:values>
                                <sc:Value>B,C</sc:Value>
                              </sc:values>
                            </sc:TaggedValue>
                            <sc:TaggedValue>
                              <sc:name>sequenceNumber</sc:name>
                              <sc:values>
                                <sc:Value>4</sc:Value>
                              </sc:values>
                            </sc:TaggedValue>
                          </sc:taggedValues>
                          <sc:profiles>
                            <sc:Profile name="B"></sc:Profile>
                            <sc:Profile name="C"></sc:Profile>
                          </sc:profiles>
                          <sc:sequenceNumber>4</sc:sequenceNumber>
                          <sc:typeName>GM_Surface</sc:typeName>
                          <sc:isComposition>true</sc:isComposition>
                        </sc:Property>
                      </sc:properties>
                    </sc:Class>
                  </sc:classes>
                </sc:Package>
                <sc:Package>
                  <sc:name>Test4 remove profile infos during postprocessing</sc:name>
                  <sc:id>P179</sc:id>
                  <sc:descriptors>
                    <sc:alias>
                      <sc:descriptorValues>
                        <sc:DescriptorValue>leaf</sc:DescriptorValue>
                      </sc:descriptorValues>
                    </sc:alias>
                  </sc:descriptors>
                  <sc:taggedValues>
                    <sc:TaggedValue>
                      <sc:name>xsdDocument</sc:name>
                    </sc:TaggedValue>
                  </sc:taggedValues>
                  <sc:classes>
                    <sc:Class>
                      <sc:name>T4_FeatureA</sc:name>
                      <sc:id>16496</sc:id>
                      <sc:stereotypes>
                        <sc:Stereotype>featuretype</sc:Stereotype>
                      </sc:stereotypes>
                      <sc:taggedValues>
                        <sc:TaggedValue>
                          <sc:name>byValuePropertyType</sc:name>
                          <sc:values>
                            <sc:Value>false</sc:Value>
                          </sc:values>
                        </sc:TaggedValue>
                        <sc:TaggedValue>
                          <sc:name>gmlMixin</sc:name>
                          <sc:values>
                            <sc:Value>false</sc:Value>
                          </sc:values>
                        </sc:TaggedValue>
                        <sc:TaggedValue>
                          <sc:name>isCollection</sc:name>
                          <sc:values>
                            <sc:Value>false</sc:Value>
                          </sc:values>
                        </sc:TaggedValue>
                        <sc:TaggedValue>
                          <sc:name>noPropertyType</sc:name>
                          <sc:values>
                            <sc:Value>false</sc:Value>
                          </sc:values>
                        </sc:TaggedValue>
                        <sc:TaggedValue>
                          <sc:name>profiles</sc:name>
                          <sc:values>
                            <sc:Value>D</sc:Value>
                          </sc:values>
                        </sc:TaggedValue>
                      </sc:taggedValues>
                      <sc:profiles>
                        <sc:Profile name="D"></sc:Profile>
                      </sc:profiles>
                      <sc:properties>
                        <sc:Property>
                          <sc:name>a1</sc:name>
                          <sc:id>16496_51021</sc:id>
                          <sc:taggedValues>
                            <sc:TaggedValue>
                              <sc:name>inlineOrByReference</sc:name>
                              <sc:values>
                                <sc:Value>inlineOrByReference</sc:Value>
                              </sc:values>
                            </sc:TaggedValue>
                            <sc:TaggedValue>
                              <sc:name>isMetadata</sc:name>
                              <sc:values>
                                <sc:Value>false</sc:Value>
                              </sc:values>
                            </sc:TaggedValue>
                            <sc:TaggedValue>
                              <sc:name>profiles</sc:name>
                              <sc:values>
                                <sc:Value>D</sc:Value>
                              </sc:values>
                            </sc:TaggedValue>
                            <sc:TaggedValue>
                              <sc:name>sequenceNumber</sc:name>
                              <sc:values>
                                <sc:Value>1</sc:Value>
                              </sc:values>
                            </sc:TaggedValue>
                          </sc:taggedValues>
                          <sc:profiles>
                            <sc:Profile name="D"></sc:Profile>
                          </sc:profiles>
                          <sc:sequenceNumber>1</sc:sequenceNumber>
                          <sc:typeName>Integer</sc:typeName>
                          <sc:isComposition>true</sc:isComposition>
                        </sc:Property>
                        <sc:Property>
                          <sc:name>a2</sc:name>
                          <sc:id>Sas51477</sc:id>
                          <sc:taggedValues>
                            <sc:TaggedValue>
                              <sc:name>inlineOrByReference</sc:name>
                              <sc:values>
                                <sc:Value>inlineOrByReference</sc:Value>
                              </sc:values>
                            </sc:TaggedValue>
                            <sc:TaggedValue>
                              <sc:name>isMetadata</sc:name>
                              <sc:values>
                                <sc:Value>false</sc:Value>
                              </sc:values>
                            </sc:TaggedValue>
                            <sc:TaggedValue>
                              <sc:name>profiles</sc:name>
                              <sc:values>
                                <sc:Value>D</sc:Value>
                              </sc:values>
                            </sc:TaggedValue>
                            <sc:TaggedValue>
                              <sc:name>sequenceNumber</sc:name>
                              <sc:values>
                                <sc:Value>2</sc:Value>
                              </sc:values>
                            </sc:TaggedValue>
                          </sc:taggedValues>
                          <sc:profiles>
                            <sc:Profile name="D"></sc:Profile>
                          </sc:profiles>
                          <sc:sequenceNumber>2</sc:sequenceNumber>
                          <sc:typeId>16497</sc:typeId>
                          <sc:typeName>T4_FeatureB</sc:typeName>
                          <sc:isAttribute>false</sc:isAttribute>
                          <sc:associationId>as51477</sc:associationId>
                        </sc:Property>
                      </sc:properties>
                    </sc:Class>
                    <sc:Class>
                      <sc:name>T4_FeatureB</sc:name>
                      <sc:id>16497</sc:id>
                      <sc:stereotypes>
                        <sc:Stereotype>featuretype</sc:Stereotype>
                      </sc:stereotypes>
                      <sc:taggedValues>
                        <sc:TaggedValue>
                          <sc:name>byValuePropertyType</sc:name>
                          <sc:values>
                            <sc:Value>false</sc:Value>
                          </sc:values>
                        </sc:TaggedValue>
                        <sc:TaggedValue>
                          <sc:name>gmlMixin</sc:name>
                          <sc:values>
                            <sc:Value>false</sc:Value>
                          </sc:values>
                        </sc:TaggedValue>
                        <sc:TaggedValue>
                          <sc:name>isCollection</sc:name>
                          <sc:values>
                            <sc:Value>false</sc:Value>
                          </sc:values>
                        </sc:TaggedValue>
                        <sc:TaggedValue>
                          <sc:name>noPropertyType</sc:name>
                          <sc:values>
                            <sc:Value>false</sc:Value>
                          </sc:values>
                        </sc:TaggedValue>
                        <sc:TaggedValue>
                          <sc:name>profiles</sc:name>
                          <sc:values>
                            <sc:Value>D</sc:Value>
                          </sc:values>
                        </sc:TaggedValue>
                      </sc:taggedValues>
                      <sc:profiles>
                        <sc:Profile name="D"></sc:Profile>
                      </sc:profiles>
                      <sc:properties>
                        <sc:Property>
                          <sc:name>b1</sc:name>
                          <sc:id>Tas51477</sc:id>
                          <sc:taggedValues>
                            <sc:TaggedValue>
                              <sc:name>inlineOrByReference</sc:name>
                              <sc:values>
                                <sc:Value>inlineOrByReference</sc:Value>
                              </sc:values>
                            </sc:TaggedValue>
                            <sc:TaggedValue>
                              <sc:name>isMetadata</sc:name>
                              <sc:values>
                                <sc:Value>false</sc:Value>
                              </sc:values>
                            </sc:TaggedValue>
                            <sc:TaggedValue>
                              <sc:name>profiles</sc:name>
                              <sc:values>
                                <sc:Value>D</sc:Value>
                              </sc:values>
                            </sc:TaggedValue>
                            <sc:TaggedValue>
                              <sc:name>sequenceNumber</sc:name>
                              <sc:values>
                                <sc:Value>1</sc:Value>
                              </sc:values>
                            </sc:TaggedValue>
                          </sc:taggedValues>
                          <sc:profiles>
                            <sc:Profile name="D"></sc:Profile>
                          </sc:profiles>
                          <sc:sequenceNumber>1</sc:sequenceNumber>
                          <sc:typeId>16496</sc:typeId>
                          <sc:typeName>T4_FeatureA</sc:typeName>
                          <sc:isAttribute>false</sc:isAttribute>
                          <sc:associationId>as51477</sc:associationId>
                        </sc:Property>
                      </sc:properties>
                    </sc:Class>
                  </sc:classes>
                </sc:Package>
              </sc:packages>
            </sc:Package>
          </sc:packages>
        </sc:Package>
      </sc:packages>
    </sc:Package>
  </sc:packages>
  <sc:associations>
    <sc:Association>
      <sc:name>T1_FeatureB_T1_FeatureA</sc:name>
      <sc:id>as51472</sc:id>
      <sc:end1>
        <sc:Property>
          <sc:name>a5NonNavigable</sc:name>
          <sc:id>Sas51472</sc:id>
          <sc:taggedValues>
            <sc:TaggedValue>
              <sc:name>inlineOrByReference</sc:name>
              <sc:values>
                <sc:Value>inlineOrByReference</sc:Value>
              </sc:values>
            </sc:TaggedValue>
            <sc:TaggedValue>
              <sc:name>isMetadata</sc:name>
              <sc:values>
                <sc:Value>false</sc:Value>
              </sc:values>
            </sc:TaggedValue>
            <sc:TaggedValue>
              <sc:name>sequenceNumber</sc:name>
              <sc:values>
                <sc:Value>5</sc:Value>
              </sc:values>
            </sc:TaggedValue>
          </sc:taggedValues>
          <sc:isNavigable>false</sc:isNavigable>
          <sc:sequenceNumber>5</sc:sequenceNumber>
          <sc:typeId>16484</sc:typeId>
          <sc:typeName>T1_FeatureB</sc:typeName>
          <sc:isAttribute>false</sc:isAttribute>
          <sc:inClassId>16483</sc:inClassId>
          <sc:associationId>as51472</sc:associationId>
        </sc:Property>
      </sc:end1>
      <sc:end2 ref="Tas51472"></sc:end2>
    </sc:Association>
    <sc:Association>
      <sc:name>T1_FeatureB_T1_FeatureA</sc:name>
      <sc:id>as51473</sc:id>
      <sc:end1 ref="Sas51473"></sc:end1>
      <sc:end2 ref="Tas51473"></sc:end2>
    </sc:Association>
    <sc:Association>
      <sc:name>T1_FeatureB_T1_FeatureA</sc:name>
      <sc:id>as51475</sc:id>
      <sc:end1 ref="Sas51475"></sc:end1>
      <sc:end2 ref="Tas51475"></sc:end2>
    </sc:Association>
    <sc:Association>
      <sc:name>T1_FeatureB_T1_FeatureA</sc:name>
      <sc:id>as51476</sc:id>
      <sc:end1 ref="Sas51476"></sc:end1>
      <sc:end2 ref="Tas51476"></sc:end2>
    </sc:Association>
    <sc:Association>
      <sc:name>T4_FeatureB_T4_FeatureA</sc:name>
      <sc:id>as51477</sc:id>
      <sc:end1 ref="Sas51477"></sc:end1>
      <sc:end2 ref="Tas51477"></sc:end2>
    </sc:Association>
  </sc:associations>
</sc:Model>