<?xml version="1.0" encoding="Windows-1252"?>
<sc:Model xsi:schemaLocation="http://shapechange.net/model http://shapechange.net/resources/schema/ShapeChangeExportedModel.xsd" encoding="Windows-1252" scxmlProducer="ShapeChange" scxmlProducerVersion="unittest" xmlns:sc="http://shapechange.net/model" xmlns:xsi="http://www.w3.org/2001/XMLSchema-instance">
  <sc:packages>
    <sc:Package>
      <sc:name>Model</sc:name>
      <sc:id>P1</sc:id>
      <sc:packages>
        <sc:Package>
          <sc:name>Test Model</sc:name>
          <sc:id>P2</sc:id>
          <sc:packages>
            <sc:Package>
              <sc:name>TestSchema</sc:name>
              <sc:id>P7</sc:id>
              <sc:stereotypes>
                <sc:Stereotype>application schema</sc:Stereotype>
              </sc:stereotypes>
              <sc:taggedValues>
                <sc:TaggedValue>
                  <sc:name>gmlProfileSchema</sc:name>
                </sc:TaggedValue>
                <sc:TaggedValue>
                  <sc:name>targetNamespace</sc:name>
                  <sc:values>
                    <sc:Value>http://test.org/flattening/removeObjectToFeatureTypeNavigability</sc:Value>
                  </sc:values>
                </sc:TaggedValue>
                <sc:TaggedValue>
                  <sc:name>version</sc:name>
                  <sc:values>
                    <sc:Value>1.0</sc:Value>
                  </sc:values>
                </sc:TaggedValue>
                <sc:TaggedValue>
                  <sc:name>xmlns</sc:name>
                  <sc:values>
                    <sc:Value>t</sc:Value>
                  </sc:values>
                </sc:TaggedValue>
                <sc:TaggedValue>
                  <sc:name>xsdDocument</sc:name>
                  <sc:values>
                    <sc:Value>removeObjectToFeatureTypeNavigability.xsd</sc:Value>
                  </sc:values>
                </sc:TaggedValue>
              </sc:taggedValues>
              <sc:classes>
                <sc:Class>
                  <sc:name>FT1</sc:name>
                  <sc:id>27</sc:id>
                  <sc:stereotypes>
                    <sc:Stereotype>featuretype</sc:Stereotype>
                  </sc:stereotypes>
                  <sc:taggedValues>
                    <sc:TaggedValue>
                      <sc:name>byValuePropertyType</sc:name>
                      <sc:values>
                        <sc:Value>false</sc:Value>
                      </sc:values>
                    </sc:TaggedValue>
                    <sc:TaggedValue>
                      <sc:name>gmlMixin</sc:name>
                      <sc:values>
                        <sc:Value>false</sc:Value>
                      </sc:values>
                    </sc:TaggedValue>
                    <sc:TaggedValue>
                      <sc:name>isCollection</sc:name>
                      <sc:values>
                        <sc:Value>false</sc:Value>
                      </sc:values>
                    </sc:TaggedValue>
                    <sc:TaggedValue>
                      <sc:name>noPropertyType</sc:name>
                      <sc:values>
                        <sc:Value>false</sc:Value>
                      </sc:values>
                    </sc:TaggedValue>
                  </sc:taggedValues>
                  <sc:properties>
                    <sc:Property>
                      <sc:name>ft1Prop1</sc:name>
                      <sc:id>Tas43</sc:id>
                      <sc:taggedValues>
                        <sc:TaggedValue>
                          <sc:name>inlineOrByReference</sc:name>
                          <sc:values>
                            <sc:Value>inlineOrByReference</sc:Value>
                          </sc:values>
                        </sc:TaggedValue>
                        <sc:TaggedValue>
                          <sc:name>isMetadata</sc:name>
                          <sc:values>
                            <sc:Value>false</sc:Value>
                          </sc:values>
                        </sc:TaggedValue>
                        <sc:TaggedValue>
                          <sc:name>sequenceNumber</sc:name>
                          <sc:values>
                            <sc:Value>1</sc:Value>
                          </sc:values>
                        </sc:TaggedValue>
                      </sc:taggedValues>
                      <sc:sequenceNumber>1</sc:sequenceNumber>
                      <sc:typeId>29</sc:typeId>
                      <sc:typeName>T1Info</sc:typeName>
                      <sc:isAttribute>false</sc:isAttribute>
                      <sc:associationId>as43</sc:associationId>
                    </sc:Property>
                    <sc:Property>
                      <sc:name>ft1Prop2</sc:name>
                      <sc:id>Tas42</sc:id>
                      <sc:taggedValues>
                        <sc:TaggedValue>
                          <sc:name>inlineOrByReference</sc:name>
                          <sc:values>
                            <sc:Value>inlineOrByReference</sc:Value>
                          </sc:values>
                        </sc:TaggedValue>
                        <sc:TaggedValue>
                          <sc:name>isMetadata</sc:name>
                          <sc:values>
                            <sc:Value>false</sc:Value>
                          </sc:values>
                        </sc:TaggedValue>
                        <sc:TaggedValue>
                          <sc:name>sequenceNumber</sc:name>
                          <sc:values>
                            <sc:Value>2</sc:Value>
                          </sc:values>
                        </sc:TaggedValue>
                      </sc:taggedValues>
                      <sc:sequenceNumber>2</sc:sequenceNumber>
                      <sc:typeId>29</sc:typeId>
                      <sc:typeName>T1Info</sc:typeName>
                      <sc:isAttribute>false</sc:isAttribute>
                      <sc:associationId>as42</sc:associationId>
                    </sc:Property>
                  </sc:properties>
                </sc:Class>
                <sc:Class>
                  <sc:name>T1Info</sc:name>
                  <sc:id>29</sc:id>
                  <sc:stereotypes>
                    <sc:Stereotype>type</sc:Stereotype>
                  </sc:stereotypes>
                  <sc:taggedValues>
                    <sc:TaggedValue>
                      <sc:name>byValuePropertyType</sc:name>
                      <sc:values>
                        <sc:Value>false</sc:Value>
                      </sc:values>
                    </sc:TaggedValue>
                    <sc:TaggedValue>
                      <sc:name>gmlMixin</sc:name>
                      <sc:values>
                        <sc:Value>false</sc:Value>
                      </sc:values>
                    </sc:TaggedValue>
                    <sc:TaggedValue>
                      <sc:name>isCollection</sc:name>
                      <sc:values>
                        <sc:Value>false</sc:Value>
                      </sc:values>
                    </sc:TaggedValue>
                    <sc:TaggedValue>
                      <sc:name>noPropertyType</sc:name>
                      <sc:values>
                        <sc:Value>false</sc:Value>
                      </sc:values>
                    </sc:TaggedValue>
                    <sc:TaggedValue>
                      <sc:name>xmlSchemaType</sc:name>
                    </sc:TaggedValue>
                  </sc:taggedValues>
                  <sc:properties>
                    <sc:Property>
                      <sc:name>t1Prop1</sc:name>
                      <sc:id>Tas50</sc:id>
                      <sc:taggedValues>
                        <sc:TaggedValue>
                          <sc:name>inlineOrByReference</sc:name>
                          <sc:values>
                            <sc:Value>inlineOrByReference</sc:Value>
                          </sc:values>
                        </sc:TaggedValue>
                        <sc:TaggedValue>
                          <sc:name>isMetadata</sc:name>
                          <sc:values>
                            <sc:Value>false</sc:Value>
                          </sc:values>
                        </sc:TaggedValue>
                        <sc:TaggedValue>
                          <sc:name>sequenceNumber</sc:name>
                          <sc:values>
                            <sc:Value>1</sc:Value>
                          </sc:values>
                        </sc:TaggedValue>
                      </sc:taggedValues>
                      <sc:sequenceNumber>1</sc:sequenceNumber>
                      <sc:typeId>27</sc:typeId>
                      <sc:typeName>FT1</sc:typeName>
                      <sc:isAttribute>false</sc:isAttribute>
                      <sc:associationId>as50</sc:associationId>
                    </sc:Property>
                    <sc:Property>
                      <sc:name>t1Prop2</sc:name>
                      <sc:id>Sas43</sc:id>
                      <sc:taggedValues>
                        <sc:TaggedValue>
                          <sc:name>inlineOrByReference</sc:name>
                          <sc:values>
                            <sc:Value>inlineOrByReference</sc:Value>
                          </sc:values>
                        </sc:TaggedValue>
                        <sc:TaggedValue>
                          <sc:name>isMetadata</sc:name>
                          <sc:values>
                            <sc:Value>false</sc:Value>
                          </sc:values>
                        </sc:TaggedValue>
                        <sc:TaggedValue>
                          <sc:name>sequenceNumber</sc:name>
                          <sc:values>
                            <sc:Value>2</sc:Value>
                          </sc:values>
                        </sc:TaggedValue>
                      </sc:taggedValues>
                      <sc:sequenceNumber>2</sc:sequenceNumber>
                      <sc:typeId>27</sc:typeId>
                      <sc:typeName>FT1</sc:typeName>
                      <sc:isAttribute>false</sc:isAttribute>
                      <sc:associationId>as43</sc:associationId>
                    </sc:Property>
                    <sc:Property>
                      <sc:name>t1Prop3</sc:name>
                      <sc:id>Tas51</sc:id>
                      <sc:taggedValues>
                        <sc:TaggedValue>
                          <sc:name>inlineOrByReference</sc:name>
                          <sc:values>
                            <sc:Value>inlineOrByReference</sc:Value>
                          </sc:values>
                        </sc:TaggedValue>
                        <sc:TaggedValue>
                          <sc:name>isMetadata</sc:name>
                          <sc:values>
                            <sc:Value>false</sc:Value>
                          </sc:values>
                        </sc:TaggedValue>
                        <sc:TaggedValue>
                          <sc:name>sequenceNumber</sc:name>
                          <sc:values>
                            <sc:Value>3</sc:Value>
                          </sc:values>
                        </sc:TaggedValue>
                      </sc:taggedValues>
                      <sc:sequenceNumber>3</sc:sequenceNumber>
                      <sc:typeId>34</sc:typeId>
                      <sc:typeName>OSFT</sc:typeName>
                      <sc:isAttribute>false</sc:isAttribute>
                      <sc:associationId>as51</sc:associationId>
                    </sc:Property>
                    <sc:Property>
                      <sc:name>t1Prop4</sc:name>
                      <sc:id>Tas52</sc:id>
                      <sc:taggedValues>
                        <sc:TaggedValue>
                          <sc:name>inlineOrByReference</sc:name>
                          <sc:values>
                            <sc:Value>inlineOrByReference</sc:Value>
                          </sc:values>
                        </sc:TaggedValue>
                        <sc:TaggedValue>
                          <sc:name>isMetadata</sc:name>
                          <sc:values>
                            <sc:Value>false</sc:Value>
                          </sc:values>
                        </sc:TaggedValue>
                        <sc:TaggedValue>
                          <sc:name>sequenceNumber</sc:name>
                          <sc:values>
                            <sc:Value>4</sc:Value>
                          </sc:values>
                        </sc:TaggedValue>
                      </sc:taggedValues>
                      <sc:sequenceNumber>4</sc:sequenceNumber>
                      <sc:typeId>34</sc:typeId>
                      <sc:typeName>OSFT</sc:typeName>
                      <sc:isAttribute>false</sc:isAttribute>
                      <sc:associationId>as52</sc:associationId>
                    </sc:Property>
                    <sc:Property>
                      <sc:name>t1Prop5</sc:name>
                      <sc:id>Tas44</sc:id>
                      <sc:taggedValues>
                        <sc:TaggedValue>
                          <sc:name>inlineOrByReference</sc:name>
                          <sc:values>
                            <sc:Value>inlineOrByReference</sc:Value>
                          </sc:values>
                        </sc:TaggedValue>
                        <sc:TaggedValue>
                          <sc:name>isMetadata</sc:name>
                          <sc:values>
                            <sc:Value>false</sc:Value>
                          </sc:values>
                        </sc:TaggedValue>
                        <sc:TaggedValue>
                          <sc:name>sequenceNumber</sc:name>
                          <sc:values>
                            <sc:Value>5</sc:Value>
                          </sc:values>
                        </sc:TaggedValue>
                      </sc:taggedValues>
                      <sc:sequenceNumber>5</sc:sequenceNumber>
                      <sc:typeId>30</sc:typeId>
                      <sc:typeName>T2</sc:typeName>
                      <sc:isAttribute>false</sc:isAttribute>
                      <sc:associationId>as44</sc:associationId>
                    </sc:Property>
                    <sc:Property>
                      <sc:name>t1Prop6</sc:name>
                      <sc:id>Tas45</sc:id>
                      <sc:taggedValues>
                        <sc:TaggedValue>
                          <sc:name>inlineOrByReference</sc:name>
                          <sc:values>
                            <sc:Value>inlineOrByReference</sc:Value>
                          </sc:values>
                        </sc:TaggedValue>
                        <sc:TaggedValue>
                          <sc:name>isMetadata</sc:name>
                          <sc:values>
                            <sc:Value>false</sc:Value>
                          </sc:values>
                        </sc:TaggedValue>
                        <sc:TaggedValue>
                          <sc:name>sequenceNumber</sc:name>
                          <sc:values>
                            <sc:Value>6</sc:Value>
                          </sc:values>
                        </sc:TaggedValue>
                      </sc:taggedValues>
                      <sc:sequenceNumber>6</sc:sequenceNumber>
                      <sc:typeId>30</sc:typeId>
                      <sc:typeName>T2</sc:typeName>
                      <sc:isAttribute>false</sc:isAttribute>
                      <sc:associationId>as45</sc:associationId>
                    </sc:Property>
                    <sc:Property>
                      <sc:name>t1Prop7</sc:name>
                      <sc:id>29_48</sc:id>
                      <sc:taggedValues>
                        <sc:TaggedValue>
                          <sc:name>gmlImplementedByNilReason</sc:name>
                          <sc:values>
                            <sc:Value>false</sc:Value>
                          </sc:values>
                        </sc:TaggedValue>
                        <sc:TaggedValue>
                          <sc:name>inlineOrByReference</sc:name>
                          <sc:values>
                            <sc:Value>inlineOrByReference</sc:Value>
                          </sc:values>
                        </sc:TaggedValue>
                        <sc:TaggedValue>
                          <sc:name>isFlatTarget</sc:name>
                        </sc:TaggedValue>
                        <sc:TaggedValue>
                          <sc:name>isMetadata</sc:name>
                          <sc:values>
                            <sc:Value>false</sc:Value>
                          </sc:values>
                        </sc:TaggedValue>
                        <sc:TaggedValue>
                          <sc:name>maxOccurs</sc:name>
                        </sc:TaggedValue>
                        <sc:TaggedValue>
                          <sc:name>profiles</sc:name>
                        </sc:TaggedValue>
                        <sc:TaggedValue>
                          <sc:name>sequenceNumber</sc:name>
                          <sc:values>
                            <sc:Value>7</sc:Value>
                          </sc:values>
                        </sc:TaggedValue>
                        <sc:TaggedValue>
                          <sc:name>xsdEncodingRule</sc:name>
                        </sc:TaggedValue>
                      </sc:taggedValues>
                      <sc:sequenceNumber>7</sc:sequenceNumber>
                      <sc:typeId>27</sc:typeId>
                      <sc:typeName>FT1</sc:typeName>
                      <sc:isComposition>true</sc:isComposition>
                    </sc:Property>
                  </sc:properties>
                </sc:Class>
                <sc:Class>
                  <sc:name>T2</sc:name>
                  <sc:id>30</sc:id>
                  <sc:stereotypes>
                    <sc:Stereotype>type</sc:Stereotype>
                  </sc:stereotypes>
                  <sc:taggedValues>
                    <sc:TaggedValue>
                      <sc:name>byValuePropertyType</sc:name>
                      <sc:values>
                        <sc:Value>false</sc:Value>
                      </sc:values>
                    </sc:TaggedValue>
                    <sc:TaggedValue>
                      <sc:name>gmlMixin</sc:name>
                      <sc:values>
                        <sc:Value>false</sc:Value>
                      </sc:values>
                    </sc:TaggedValue>
                    <sc:TaggedValue>
                      <sc:name>isCollection</sc:name>
                      <sc:values>
                        <sc:Value>false</sc:Value>
                      </sc:values>
                    </sc:TaggedValue>
                    <sc:TaggedValue>
                      <sc:name>noPropertyType</sc:name>
                      <sc:values>
                        <sc:Value>false</sc:Value>
                      </sc:values>
                    </sc:TaggedValue>
                    <sc:TaggedValue>
                      <sc:name>xmlSchemaType</sc:name>
                    </sc:TaggedValue>
                  </sc:taggedValues>
                  <sc:properties>
                    <sc:Property>
                      <sc:name>t2Prop1</sc:name>
                      <sc:id>Sas45</sc:id>
                      <sc:taggedValues>
                        <sc:TaggedValue>
                          <sc:name>inlineOrByReference</sc:name>
                          <sc:values>
                            <sc:Value>inlineOrByReference</sc:Value>
                          </sc:values>
                        </sc:TaggedValue>
                        <sc:TaggedValue>
                          <sc:name>isMetadata</sc:name>
                          <sc:values>
                            <sc:Value>false</sc:Value>
                          </sc:values>
                        </sc:TaggedValue>
                        <sc:TaggedValue>
                          <sc:name>sequenceNumber</sc:name>
                          <sc:values>
                            <sc:Value>1</sc:Value>
                          </sc:values>
                        </sc:TaggedValue>
                      </sc:taggedValues>
                      <sc:sequenceNumber>1</sc:sequenceNumber>
                      <sc:typeId>29</sc:typeId>
                      <sc:typeName>T1Info</sc:typeName>
                      <sc:isAttribute>false</sc:isAttribute>
                      <sc:associationId>as45</sc:associationId>
                    </sc:Property>
                  </sc:properties>
                </sc:Class>
              </sc:classes>
            </sc:Package>
            <sc:Package>
              <sc:name>OtherSchema</sc:name>
              <sc:id>P9</sc:id>
              <sc:stereotypes>
                <sc:Stereotype>application schema</sc:Stereotype>
              </sc:stereotypes>
              <sc:taggedValues>
                <sc:TaggedValue>
                  <sc:name>gmlProfileSchema</sc:name>
                </sc:TaggedValue>
                <sc:TaggedValue>
                  <sc:name>targetNamespace</sc:name>
                  <sc:values>
                    <sc:Value>http://test.org/flattening/removeFeatureTypeRelationships/os1</sc:Value>
                  </sc:values>
                </sc:TaggedValue>
                <sc:TaggedValue>
                  <sc:name>version</sc:name>
                  <sc:values>
                    <sc:Value>1</sc:Value>
                  </sc:values>
                </sc:TaggedValue>
                <sc:TaggedValue>
                  <sc:name>xmlns</sc:name>
                  <sc:values>
                    <sc:Value>os1</sc:Value>
                  </sc:values>
                </sc:TaggedValue>
                <sc:TaggedValue>
                  <sc:name>xsdDocument</sc:name>
                  <sc:values>
                    <sc:Value>os1.xsd</sc:Value>
                  </sc:values>
                </sc:TaggedValue>
              </sc:taggedValues>
              <sc:supplierIds>
                <sc:SupplierId>P7</sc:SupplierId>
              </sc:supplierIds>
              <sc:classes>
                <sc:Class>
                  <sc:name>OSFT</sc:name>
                  <sc:id>34</sc:id>
                  <sc:stereotypes>
                    <sc:Stereotype>featuretype</sc:Stereotype>
                  </sc:stereotypes>
                  <sc:taggedValues>
                    <sc:TaggedValue>
                      <sc:name>byValuePropertyType</sc:name>
                      <sc:values>
                        <sc:Value>false</sc:Value>
                      </sc:values>
                    </sc:TaggedValue>
                    <sc:TaggedValue>
                      <sc:name>gmlMixin</sc:name>
                      <sc:values>
                        <sc:Value>false</sc:Value>
                      </sc:values>
                    </sc:TaggedValue>
                    <sc:TaggedValue>
                      <sc:name>isCollection</sc:name>
                      <sc:values>
                        <sc:Value>false</sc:Value>
                      </sc:values>
                    </sc:TaggedValue>
                    <sc:TaggedValue>
                      <sc:name>noPropertyType</sc:name>
                      <sc:values>
                        <sc:Value>false</sc:Value>
                      </sc:values>
                    </sc:TaggedValue>
                  </sc:taggedValues>
                  <sc:properties>
                    <sc:Property>
                      <sc:name>os2ftProp1</sc:name>
                      <sc:id>Sas52</sc:id>
                      <sc:taggedValues>
                        <sc:TaggedValue>
                          <sc:name>inlineOrByReference</sc:name>
                          <sc:values>
                            <sc:Value>inlineOrByReference</sc:Value>
                          </sc:values>
                        </sc:TaggedValue>
                        <sc:TaggedValue>
                          <sc:name>isMetadata</sc:name>
                          <sc:values>
                            <sc:Value>false</sc:Value>
                          </sc:values>
                        </sc:TaggedValue>
                        <sc:TaggedValue>
                          <sc:name>sequenceNumber</sc:name>
                          <sc:values>
                            <sc:Value>1</sc:Value>
                          </sc:values>
                        </sc:TaggedValue>
                      </sc:taggedValues>
                      <sc:sequenceNumber>1</sc:sequenceNumber>
                      <sc:typeId>29</sc:typeId>
                      <sc:typeName>T1Info</sc:typeName>
                      <sc:isAttribute>false</sc:isAttribute>
                      <sc:associationId>as52</sc:associationId>
                    </sc:Property>
                    <sc:Property>
                      <sc:name>os1ftProp2</sc:name>
                      <sc:id>Tas48</sc:id>
                      <sc:taggedValues>
                        <sc:TaggedValue>
                          <sc:name>inlineOrByReference</sc:name>
                          <sc:values>
                            <sc:Value>inlineOrByReference</sc:Value>
                          </sc:values>
                        </sc:TaggedValue>
                        <sc:TaggedValue>
                          <sc:name>isMetadata</sc:name>
                          <sc:values>
                            <sc:Value>false</sc:Value>
                          </sc:values>
                        </sc:TaggedValue>
                        <sc:TaggedValue>
                          <sc:name>sequenceNumber</sc:name>
                          <sc:values>
                            <sc:Value>2</sc:Value>
                          </sc:values>
                        </sc:TaggedValue>
                      </sc:taggedValues>
                      <sc:sequenceNumber>2</sc:sequenceNumber>
                      <sc:typeId>29</sc:typeId>
                      <sc:typeName>T1Info</sc:typeName>
                      <sc:isAttribute>false</sc:isAttribute>
                      <sc:associationId>as48</sc:associationId>
                    </sc:Property>
                  </sc:properties>
                </sc:Class>
              </sc:classes>
            </sc:Package>
          </sc:packages>
        </sc:Package>
      </sc:packages>
    </sc:Package>
  </sc:packages>
  <sc:associations>
    <sc:Association>
      <sc:name>FT1_T1Info</sc:name>
      <sc:id>as42</sc:id>
      <sc:end1>
        <sc:Property>
          <sc:name>role_Sas42</sc:name>
          <sc:id>Sas42</sc:id>
          <sc:isNavigable>false</sc:isNavigable>
          <sc:sequenceNumber>-536870234</sc:sequenceNumber>
          <sc:typeId>27</sc:typeId>
          <sc:typeName>FT1</sc:typeName>
          <sc:isAttribute>false</sc:isAttribute>
          <sc:inClassId>29</sc:inClassId>
          <sc:associationId>as42</sc:associationId>
        </sc:Property>
      </sc:end1>
      <sc:end2 ref="Tas42"></sc:end2>
    </sc:Association>
    <sc:Association>
      <sc:name>FT1_T1Info</sc:name>
      <sc:id>as43</sc:id>
      <sc:end1 ref="Sas43"></sc:end1>
      <sc:end2 ref="Tas43"></sc:end2>
    </sc:Association>
    <sc:Association>
      <sc:name>T1Info_T2</sc:name>
      <sc:id>as44</sc:id>
      <sc:end1>
        <sc:Property>
          <sc:name>role_Sas44</sc:name>
          <sc:id>Sas44</sc:id>
          <sc:isNavigable>false</sc:isNavigable>
          <sc:sequenceNumber>-536870232</sc:sequenceNumber>
          <sc:typeId>29</sc:typeId>
          <sc:typeName>T1Info</sc:typeName>
          <sc:isAttribute>false</sc:isAttribute>
          <sc:inClassId>30</sc:inClassId>
          <sc:associationId>as44</sc:associationId>
        </sc:Property>
      </sc:end1>
      <sc:end2 ref="Tas44"></sc:end2>
    </sc:Association>
    <sc:Association>
      <sc:name>T1Info_T2</sc:name>
      <sc:id>as45</sc:id>
      <sc:end1 ref="Sas45"></sc:end1>
      <sc:end2 ref="Tas45"></sc:end2>
    </sc:Association>
    <sc:Association>
      <sc:name>OSFT_T1Info</sc:name>
      <sc:id>as48</sc:id>
      <sc:end1>
        <sc:Property>
          <sc:name>role_Sas48</sc:name>
          <sc:id>Sas48</sc:id>
          <sc:isNavigable>false</sc:isNavigable>
          <sc:sequenceNumber>-536870231</sc:sequenceNumber>
          <sc:typeId>34</sc:typeId>
          <sc:typeName>OSFT</sc:typeName>
          <sc:isAttribute>false</sc:isAttribute>
          <sc:inClassId>29</sc:inClassId>
          <sc:associationId>as48</sc:associationId>
        </sc:Property>
      </sc:end1>
      <sc:end2 ref="Tas48"></sc:end2>
    </sc:Association>
    <sc:Association>
      <sc:name>T1Info_FT1</sc:name>
      <sc:id>as50</sc:id>
      <sc:end1>
        <sc:Property>
          <sc:name>role_Sas50</sc:name>
          <sc:id>Sas50</sc:id>
          <sc:isNavigable>false</sc:isNavigable>
          <sc:sequenceNumber>-536870233</sc:sequenceNumber>
          <sc:typeId>29</sc:typeId>
          <sc:typeName>T1Info</sc:typeName>
          <sc:isAttribute>false</sc:isAttribute>
          <sc:inClassId>27</sc:inClassId>
          <sc:associationId>as50</sc:associationId>
        </sc:Property>
      </sc:end1>
      <sc:end2 ref="Tas50"></sc:end2>
    </sc:Association>
    <sc:Association>
      <sc:name>T1Info_OSFT</sc:name>
      <sc:id>as51</sc:id>
      <sc:end1>
        <sc:Property>
          <sc:name>role_Sas51</sc:name>
          <sc:id>Sas51</sc:id>
          <sc:isNavigable>false</sc:isNavigable>
          <sc:sequenceNumber>-536870230</sc:sequenceNumber>
          <sc:typeId>29</sc:typeId>
          <sc:typeName>T1Info</sc:typeName>
          <sc:isAttribute>false</sc:isAttribute>
          <sc:inClassId>34</sc:inClassId>
          <sc:associationId>as51</sc:associationId>
        </sc:Property>
      </sc:end1>
      <sc:end2 ref="Tas51"></sc:end2>
    </sc:Association>
    <sc:Association>
      <sc:name>T1Info_OSFT</sc:name>
      <sc:id>as52</sc:id>
      <sc:end1 ref="Sas52"></sc:end1>
      <sc:end2 ref="Tas52"></sc:end2>
    </sc:Association>
  </sc:associations>
</sc:Model>