<?xml version="1.0" encoding="Windows-1252"?>
<sc:Model xsi:schemaLocation="http://shapechange.net/model http://shapechange.net/resources/schema/ShapeChangeExportedModel.xsd" encoding="Windows-1252" scxmlProducer="ShapeChange" scxmlProducerVersion="unittest" xmlns:sc="http://shapechange.net/model" xmlns:xsi="http://www.w3.org/2001/XMLSchema-instance">
  <sc:packages>
    <sc:Package>
      <sc:name>Model</sc:name>
      <sc:id>P1</sc:id>
      <sc:packages>
        <sc:Package>
          <sc:name>Schemas</sc:name>
          <sc:id>P2</sc:id>
          <sc:packages>
            <sc:Package>
              <sc:name>Test Schema</sc:name>
              <sc:id>P4</sc:id>
              <sc:descriptors>
                <sc:alias>
                  <sc:descriptorValues>
                    <sc:DescriptorValue>applicationSchema</sc:DescriptorValue>
                  </sc:descriptorValues>
                </sc:alias>
              </sc:descriptors>
              <sc:taggedValues>
                <sc:TaggedValue>
                  <sc:name>gmlProfileSchema</sc:name>
                </sc:TaggedValue>
                <sc:TaggedValue>
                  <sc:name>targetNamespace</sc:name>
                  <sc:values>
                    <sc:Value>http://example.org/shapechange/schema/test</sc:Value>
                  </sc:values>
                </sc:TaggedValue>
                <sc:TaggedValue>
                  <sc:name>version</sc:name>
                  <sc:values>
                    <sc:Value>1.0</sc:Value>
                  </sc:values>
                </sc:TaggedValue>
                <sc:TaggedValue>
                  <sc:name>xmlns</sc:name>
                  <sc:values>
                    <sc:Value>t</sc:Value>
                  </sc:values>
                </sc:TaggedValue>
                <sc:TaggedValue>
                  <sc:name>xsdDocument</sc:name>
                  <sc:values>
                    <sc:Value>test.xsd</sc:Value>
                  </sc:values>
                </sc:TaggedValue>
              </sc:taggedValues>
              <sc:classes>
                <sc:Class>
                  <sc:name>FT</sc:name>
                  <sc:id>10</sc:id>
                  <sc:stereotypes>
                    <sc:Stereotype>featuretype</sc:Stereotype>
                  </sc:stereotypes>
                  <sc:taggedValues>
                    <sc:TaggedValue>
                      <sc:name>byValuePropertyType</sc:name>
                      <sc:values>
                        <sc:Value>false</sc:Value>
                      </sc:values>
                    </sc:TaggedValue>
                    <sc:TaggedValue>
                      <sc:name>gmlMixin</sc:name>
                      <sc:values>
                        <sc:Value>false</sc:Value>
                      </sc:values>
                    </sc:TaggedValue>
                    <sc:TaggedValue>
                      <sc:name>isCollection</sc:name>
                      <sc:values>
                        <sc:Value>false</sc:Value>
                      </sc:values>
                    </sc:TaggedValue>
                    <sc:TaggedValue>
                      <sc:name>noPropertyType</sc:name>
                      <sc:values>
                        <sc:Value>false</sc:Value>
                      </sc:values>
                    </sc:TaggedValue>
                  </sc:taggedValues>
                  <sc:properties>
                    <sc:Property>
                      <sc:name>someGenerAttribute</sc:name>
                      <sc:id>10_3</sc:id>
                      <sc:stereotypes>
                        <sc:Stereotype>property</sc:Stereotype>
                      </sc:stereotypes>
                      <sc:taggedValues>
                        <sc:TaggedValue>
                          <sc:name>inlineOrByReference</sc:name>
                          <sc:values>
                            <sc:Value>inlineOrByReference</sc:Value>
                          </sc:values>
                        </sc:TaggedValue>
                        <sc:TaggedValue>
                          <sc:name>isMetadata</sc:name>
                          <sc:values>
                            <sc:Value>false</sc:Value>
                          </sc:values>
                        </sc:TaggedValue>
                        <sc:TaggedValue>
                          <sc:name>sequenceNumber</sc:name>
                          <sc:values>
                            <sc:Value>10</sc:Value>
                          </sc:values>
                        </sc:TaggedValue>
                      </sc:taggedValues>
                      <sc:cardinality>0..1</sc:cardinality>
                      <sc:sequenceNumber>10</sc:sequenceNumber>
                      <sc:typeId>11</sc:typeId>
                      <sc:typeName>GenerAttribute</sc:typeName>
                      <sc:isComposition>true</sc:isComposition>
                    </sc:Property>
                    <sc:Property>
                      <sc:name>otherGenerAttribute</sc:name>
                      <sc:id>10_4</sc:id>
                      <sc:stereotypes>
                        <sc:Stereotype>property</sc:Stereotype>
                      </sc:stereotypes>
                      <sc:taggedValues>
                        <sc:TaggedValue>
                          <sc:name>inlineOrByReference</sc:name>
                          <sc:values>
                            <sc:Value>inlineOrByReference</sc:Value>
                          </sc:values>
                        </sc:TaggedValue>
                        <sc:TaggedValue>
                          <sc:name>isMetadata</sc:name>
                          <sc:values>
                            <sc:Value>false</sc:Value>
                          </sc:values>
                        </sc:TaggedValue>
                        <sc:TaggedValue>
                          <sc:name>sequenceNumber</sc:name>
                          <sc:values>
                            <sc:Value>20</sc:Value>
                          </sc:values>
                        </sc:TaggedValue>
                      </sc:taggedValues>
                      <sc:cardinality>0..*</sc:cardinality>
                      <sc:sequenceNumber>20</sc:sequenceNumber>
                      <sc:typeId>11</sc:typeId>
                      <sc:typeName>GenerAttribute</sc:typeName>
                      <sc:isComposition>true</sc:isComposition>
                    </sc:Property>
                  </sc:properties>
                </sc:Class>
                <sc:Class>
                  <sc:name>GenerAttribute</sc:name>
                  <sc:id>11</sc:id>
                  <sc:stereotypes>
                    <sc:Stereotype>datatype</sc:Stereotype>
                  </sc:stereotypes>
                  <sc:taggedValues>
                    <sc:TaggedValue>
                      <sc:name>isCollection</sc:name>
                      <sc:values>
                        <sc:Value>false</sc:Value>
                      </sc:values>
                    </sc:TaggedValue>
                    <sc:TaggedValue>
                      <sc:name>noPropertyType</sc:name>
                      <sc:values>
                        <sc:Value>false</sc:Value>
                      </sc:values>
                    </sc:TaggedValue>
                  </sc:taggedValues>
                  <sc:isAbstract>true</sc:isAbstract>
                  <sc:subtypes>
                    <sc:SubtypeId>12</sc:SubtypeId>
                    <sc:SubtypeId>13</sc:SubtypeId>
                    <sc:SubtypeId>14</sc:SubtypeId>
                    <sc:SubtypeId>8</sc:SubtypeId>
                    <sc:SubtypeId>9</sc:SubtypeId>
                  </sc:subtypes>
                  <sc:properties>
                    <sc:Property>
                      <sc:name>name</sc:name>
                      <sc:id>11_5</sc:id>
                      <sc:stereotypes>
                        <sc:Stereotype>property</sc:Stereotype>
                      </sc:stereotypes>
                      <sc:taggedValues>
                        <sc:TaggedValue>
                          <sc:name>inlineOrByReference</sc:name>
                          <sc:values>
                            <sc:Value>inlineOrByReference</sc:Value>
                          </sc:values>
                        </sc:TaggedValue>
                        <sc:TaggedValue>
                          <sc:name>isMetadata</sc:name>
                          <sc:values>
                            <sc:Value>false</sc:Value>
                          </sc:values>
                        </sc:TaggedValue>
                        <sc:TaggedValue>
                          <sc:name>sequenceNumber</sc:name>
                        </sc:TaggedValue>
                      </sc:taggedValues>
                      <sc:sequenceNumber>-1073741824</sc:sequenceNumber>
                      <sc:typeName>CharacterString</sc:typeName>
                      <sc:isComposition>true</sc:isComposition>
                    </sc:Property>
                  </sc:properties>
                </sc:Class>
                <sc:Class>
                  <sc:name>IntegerAttribute</sc:name>
                  <sc:id>12</sc:id>
                  <sc:stereotypes>
                    <sc:Stereotype>datatype</sc:Stereotype>
                  </sc:stereotypes>
                  <sc:taggedValues>
                    <sc:TaggedValue>
                      <sc:name>isCollection</sc:name>
                      <sc:values>
                        <sc:Value>false</sc:Value>
                      </sc:values>
                    </sc:TaggedValue>
                    <sc:TaggedValue>
                      <sc:name>noPropertyType</sc:name>
                      <sc:values>
                        <sc:Value>false</sc:Value>
                      </sc:values>
                    </sc:TaggedValue>
                  </sc:taggedValues>
                  <sc:supertypes>
                    <sc:SupertypeId>11</sc:SupertypeId>
                  </sc:supertypes>
                  <sc:properties>
                    <sc:Property>
                      <sc:name>value</sc:name>
                      <sc:id>12_6</sc:id>
                      <sc:stereotypes>
                        <sc:Stereotype>property</sc:Stereotype>
                      </sc:stereotypes>
                      <sc:taggedValues>
                        <sc:TaggedValue>
                          <sc:name>inlineOrByReference</sc:name>
                          <sc:values>
                            <sc:Value>inlineOrByReference</sc:Value>
                          </sc:values>
                        </sc:TaggedValue>
                        <sc:TaggedValue>
                          <sc:name>isMetadata</sc:name>
                          <sc:values>
                            <sc:Value>false</sc:Value>
                          </sc:values>
                        </sc:TaggedValue>
                        <sc:TaggedValue>
                          <sc:name>sequenceNumber</sc:name>
                        </sc:TaggedValue>
                      </sc:taggedValues>
                      <sc:sequenceNumber>-1073741823</sc:sequenceNumber>
                      <sc:typeName>Integer</sc:typeName>
                      <sc:isComposition>true</sc:isComposition>
                    </sc:Property>
                  </sc:properties>
                </sc:Class>
                <sc:Class>
                  <sc:name>StringAttribute</sc:name>
                  <sc:id>13</sc:id>
                  <sc:stereotypes>
                    <sc:Stereotype>datatype</sc:Stereotype>
                  </sc:stereotypes>
                  <sc:taggedValues>
                    <sc:TaggedValue>
                      <sc:name>isCollection</sc:name>
                      <sc:values>
                        <sc:Value>false</sc:Value>
                      </sc:values>
                    </sc:TaggedValue>
                    <sc:TaggedValue>
                      <sc:name>noPropertyType</sc:name>
                      <sc:values>
                        <sc:Value>false</sc:Value>
                      </sc:values>
                    </sc:TaggedValue>
                  </sc:taggedValues>
                  <sc:supertypes>
                    <sc:SupertypeId>11</sc:SupertypeId>
                  </sc:supertypes>
                  <sc:properties>
                    <sc:Property>
                      <sc:name>value</sc:name>
                      <sc:id>13_7</sc:id>
                      <sc:stereotypes>
                        <sc:Stereotype>property</sc:Stereotype>
                      </sc:stereotypes>
                      <sc:taggedValues>
                        <sc:TaggedValue>
                          <sc:name>inlineOrByReference</sc:name>
                          <sc:values>
                            <sc:Value>inlineOrByReference</sc:Value>
                          </sc:values>
                        </sc:TaggedValue>
                        <sc:TaggedValue>
                          <sc:name>isMetadata</sc:name>
                          <sc:values>
                            <sc:Value>false</sc:Value>
                          </sc:values>
                        </sc:TaggedValue>
                        <sc:TaggedValue>
                          <sc:name>ldp2GenericValueTypeSuffix</sc:name>
                          <sc:values>
                            <sc:Value>string</sc:Value>
                          </sc:values>
                        </sc:TaggedValue>
                        <sc:TaggedValue>
                          <sc:name>sequenceNumber</sc:name>
                        </sc:TaggedValue>
                      </sc:taggedValues>
                      <sc:sequenceNumber>-1073741822</sc:sequenceNumber>
                      <sc:typeName>CharacterString</sc:typeName>
                      <sc:isComposition>true</sc:isComposition>
                    </sc:Property>
                  </sc:properties>
                </sc:Class>
                <sc:Class>
                  <sc:name>UrlAttribute</sc:name>
                  <sc:id>14</sc:id>
                  <sc:stereotypes>
                    <sc:Stereotype>datatype</sc:Stereotype>
                  </sc:stereotypes>
                  <sc:taggedValues>
                    <sc:TaggedValue>
                      <sc:name>isCollection</sc:name>
                      <sc:values>
                        <sc:Value>false</sc:Value>
                      </sc:values>
                    </sc:TaggedValue>
                    <sc:TaggedValue>
                      <sc:name>noPropertyType</sc:name>
                      <sc:values>
                        <sc:Value>false</sc:Value>
                      </sc:values>
                    </sc:TaggedValue>
                  </sc:taggedValues>
                  <sc:supertypes>
                    <sc:SupertypeId>11</sc:SupertypeId>
                  </sc:supertypes>
                  <sc:properties>
                    <sc:Property>
                      <sc:name>value</sc:name>
                      <sc:id>14_8</sc:id>
                      <sc:stereotypes>
                        <sc:Stereotype>property</sc:Stereotype>
                      </sc:stereotypes>
                      <sc:taggedValues>
                        <sc:TaggedValue>
                          <sc:name>inlineOrByReference</sc:name>
                          <sc:values>
                            <sc:Value>inlineOrByReference</sc:Value>
                          </sc:values>
                        </sc:TaggedValue>
                        <sc:TaggedValue>
                          <sc:name>isMetadata</sc:name>
                          <sc:values>
                            <sc:Value>false</sc:Value>
                          </sc:values>
                        </sc:TaggedValue>
                        <sc:TaggedValue>
                          <sc:name>sequenceNumber</sc:name>
                        </sc:TaggedValue>
                      </sc:taggedValues>
                      <sc:sequenceNumber>-1073741821</sc:sequenceNumber>
                      <sc:typeName>URI</sc:typeName>
                      <sc:isComposition>true</sc:isComposition>
                    </sc:Property>
                  </sc:properties>
                </sc:Class>
                <sc:Class>
                  <sc:name>GenerAttribute2</sc:name>
                  <sc:id>15</sc:id>
                  <sc:stereotypes>
                    <sc:Stereotype>datatype</sc:Stereotype>
                  </sc:stereotypes>
                  <sc:taggedValues>
                    <sc:TaggedValue>
                      <sc:name>isCollection</sc:name>
                      <sc:values>
                        <sc:Value>false</sc:Value>
                      </sc:values>
                    </sc:TaggedValue>
                    <sc:TaggedValue>
                      <sc:name>noPropertyType</sc:name>
                      <sc:values>
                        <sc:Value>false</sc:Value>
                      </sc:values>
                    </sc:TaggedValue>
                  </sc:taggedValues>
                  <sc:isAbstract>true</sc:isAbstract>
                  <sc:subtypes>
                    <sc:SubtypeId>16</sc:SubtypeId>
                    <sc:SubtypeId>17</sc:SubtypeId>
                  </sc:subtypes>
                  <sc:properties>
                    <sc:Property>
                      <sc:name>name</sc:name>
                      <sc:id>15_9</sc:id>
                      <sc:stereotypes>
                        <sc:Stereotype>property</sc:Stereotype>
                      </sc:stereotypes>
                      <sc:taggedValues>
                        <sc:TaggedValue>
                          <sc:name>inlineOrByReference</sc:name>
                          <sc:values>
                            <sc:Value>inlineOrByReference</sc:Value>
                          </sc:values>
                        </sc:TaggedValue>
                        <sc:TaggedValue>
                          <sc:name>isMetadata</sc:name>
                          <sc:values>
                            <sc:Value>false</sc:Value>
                          </sc:values>
                        </sc:TaggedValue>
                        <sc:TaggedValue>
                          <sc:name>sequenceNumber</sc:name>
                        </sc:TaggedValue>
                      </sc:taggedValues>
                      <sc:sequenceNumber>-1073741820</sc:sequenceNumber>
                      <sc:typeName>CharacterString</sc:typeName>
                      <sc:isComposition>true</sc:isComposition>
                    </sc:Property>
                  </sc:properties>
                </sc:Class>
                <sc:Class>
                  <sc:name>BooleanAttribute</sc:name>
                  <sc:id>16</sc:id>
                  <sc:stereotypes>
                    <sc:Stereotype>datatype</sc:Stereotype>
                  </sc:stereotypes>
                  <sc:taggedValues>
                    <sc:TaggedValue>
                      <sc:name>isCollection</sc:name>
                      <sc:values>
                        <sc:Value>false</sc:Value>
                      </sc:values>
                    </sc:TaggedValue>
                    <sc:TaggedValue>
                      <sc:name>noPropertyType</sc:name>
                      <sc:values>
                        <sc:Value>false</sc:Value>
                      </sc:values>
                    </sc:TaggedValue>
                  </sc:taggedValues>
                  <sc:supertypes>
                    <sc:SupertypeId>15</sc:SupertypeId>
                  </sc:supertypes>
                  <sc:properties>
                    <sc:Property>
                      <sc:name>value</sc:name>
                      <sc:id>16_10</sc:id>
                      <sc:stereotypes>
                        <sc:Stereotype>property</sc:Stereotype>
                      </sc:stereotypes>
                      <sc:taggedValues>
                        <sc:TaggedValue>
                          <sc:name>inlineOrByReference</sc:name>
                          <sc:values>
                            <sc:Value>inlineOrByReference</sc:Value>
                          </sc:values>
                        </sc:TaggedValue>
                        <sc:TaggedValue>
                          <sc:name>isMetadata</sc:name>
                          <sc:values>
                            <sc:Value>false</sc:Value>
                          </sc:values>
                        </sc:TaggedValue>
                        <sc:TaggedValue>
                          <sc:name>sequenceNumber</sc:name>
                        </sc:TaggedValue>
                      </sc:taggedValues>
                      <sc:sequenceNumber>-1073741819</sc:sequenceNumber>
                      <sc:typeName>Boolean</sc:typeName>
                      <sc:isComposition>true</sc:isComposition>
                    </sc:Property>
                  </sc:properties>
                </sc:Class>
                <sc:Class>
                  <sc:name>MeasureAttribute</sc:name>
                  <sc:id>17</sc:id>
                  <sc:stereotypes>
                    <sc:Stereotype>datatype</sc:Stereotype>
                  </sc:stereotypes>
                  <sc:taggedValues>
                    <sc:TaggedValue>
                      <sc:name>isCollection</sc:name>
                      <sc:values>
                        <sc:Value>false</sc:Value>
                      </sc:values>
                    </sc:TaggedValue>
                    <sc:TaggedValue>
                      <sc:name>noPropertyType</sc:name>
                      <sc:values>
                        <sc:Value>false</sc:Value>
                      </sc:values>
                    </sc:TaggedValue>
                  </sc:taggedValues>
                  <sc:supertypes>
                    <sc:SupertypeId>15</sc:SupertypeId>
                  </sc:supertypes>
                  <sc:properties>
                    <sc:Property>
                      <sc:name>value</sc:name>
                      <sc:id>17_11</sc:id>
                      <sc:stereotypes>
                        <sc:Stereotype>property</sc:Stereotype>
                      </sc:stereotypes>
                      <sc:taggedValues>
                        <sc:TaggedValue>
                          <sc:name>inlineOrByReference</sc:name>
                          <sc:values>
                            <sc:Value>inlineOrByReference</sc:Value>
                          </sc:values>
                        </sc:TaggedValue>
                        <sc:TaggedValue>
                          <sc:name>isMetadata</sc:name>
                          <sc:values>
                            <sc:Value>false</sc:Value>
                          </sc:values>
                        </sc:TaggedValue>
                        <sc:TaggedValue>
                          <sc:name>sequenceNumber</sc:name>
                        </sc:TaggedValue>
                      </sc:taggedValues>
                      <sc:sequenceNumber>-1073741818</sc:sequenceNumber>
                      <sc:typeName>Measure</sc:typeName>
                      <sc:isComposition>true</sc:isComposition>
                    </sc:Property>
                  </sc:properties>
                </sc:Class>
                <sc:Class>
                  <sc:name>DateAttribute</sc:name>
                  <sc:id>8</sc:id>
                  <sc:stereotypes>
                    <sc:Stereotype>datatype</sc:Stereotype>
                  </sc:stereotypes>
                  <sc:taggedValues>
                    <sc:TaggedValue>
                      <sc:name>isCollection</sc:name>
                      <sc:values>
                        <sc:Value>false</sc:Value>
                      </sc:values>
                    </sc:TaggedValue>
                    <sc:TaggedValue>
                      <sc:name>noPropertyType</sc:name>
                      <sc:values>
                        <sc:Value>false</sc:Value>
                      </sc:values>
                    </sc:TaggedValue>
                  </sc:taggedValues>
                  <sc:supertypes>
                    <sc:SupertypeId>11</sc:SupertypeId>
                  </sc:supertypes>
                  <sc:properties>
                    <sc:Property>
                      <sc:name>value</sc:name>
                      <sc:id>8_1</sc:id>
                      <sc:stereotypes>
                        <sc:Stereotype>property</sc:Stereotype>
                      </sc:stereotypes>
                      <sc:taggedValues>
                        <sc:TaggedValue>
                          <sc:name>inlineOrByReference</sc:name>
                          <sc:values>
                            <sc:Value>inlineOrByReference</sc:Value>
                          </sc:values>
                        </sc:TaggedValue>
                        <sc:TaggedValue>
                          <sc:name>isMetadata</sc:name>
                          <sc:values>
                            <sc:Value>false</sc:Value>
                          </sc:values>
                        </sc:TaggedValue>
                        <sc:TaggedValue>
                          <sc:name>sequenceNumber</sc:name>
                        </sc:TaggedValue>
                      </sc:taggedValues>
                      <sc:sequenceNumber>-1073741817</sc:sequenceNumber>
                      <sc:typeName>Date</sc:typeName>
                      <sc:isComposition>true</sc:isComposition>
                    </sc:Property>
                  </sc:properties>
                </sc:Class>
                <sc:Class>
                  <sc:name>DoubleAttribute</sc:name>
                  <sc:id>9</sc:id>
                  <sc:stereotypes>
                    <sc:Stereotype>datatype</sc:Stereotype>
                  </sc:stereotypes>
                  <sc:taggedValues>
                    <sc:TaggedValue>
                      <sc:name>isCollection</sc:name>
                      <sc:values>
                        <sc:Value>false</sc:Value>
                      </sc:values>
                    </sc:TaggedValue>
                    <sc:TaggedValue>
                      <sc:name>noPropertyType</sc:name>
                      <sc:values>
                        <sc:Value>false</sc:Value>
                      </sc:values>
                    </sc:TaggedValue>
                  </sc:taggedValues>
                  <sc:supertypes>
                    <sc:SupertypeId>11</sc:SupertypeId>
                  </sc:supertypes>
                  <sc:properties>
                    <sc:Property>
                      <sc:name>value</sc:name>
                      <sc:id>9_2</sc:id>
                      <sc:stereotypes>
                        <sc:Stereotype>property</sc:Stereotype>
                      </sc:stereotypes>
                      <sc:taggedValues>
                        <sc:TaggedValue>
                          <sc:name>inlineOrByReference</sc:name>
                          <sc:values>
                            <sc:Value>inlineOrByReference</sc:Value>
                          </sc:values>
                        </sc:TaggedValue>
                        <sc:TaggedValue>
                          <sc:name>isMetadata</sc:name>
                          <sc:values>
                            <sc:Value>false</sc:Value>
                          </sc:values>
                        </sc:TaggedValue>
                        <sc:TaggedValue>
                          <sc:name>ldp2GenericValueTypeSuffix</sc:name>
                          <sc:values>
                            <sc:Value>double</sc:Value>
                          </sc:values>
                        </sc:TaggedValue>
                        <sc:TaggedValue>
                          <sc:name>sequenceNumber</sc:name>
                        </sc:TaggedValue>
                      </sc:taggedValues>
                      <sc:sequenceNumber>-1073741816</sc:sequenceNumber>
                      <sc:typeName>Decimal</sc:typeName>
                      <sc:isComposition>true</sc:isComposition>
                    </sc:Property>
                  </sc:properties>
                </sc:Class>
              </sc:classes>
            </sc:Package>
            <sc:Package>
              <sc:name>External Schema</sc:name>
              <sc:id>P5</sc:id>
              <sc:descriptors>
                <sc:alias>
                  <sc:descriptorValues>
                    <sc:DescriptorValue>applicationSchema</sc:DescriptorValue>
                  </sc:descriptorValues>
                </sc:alias>
              </sc:descriptors>
              <sc:taggedValues>
                <sc:TaggedValue>
                  <sc:name>gmlProfileSchema</sc:name>
                </sc:TaggedValue>
                <sc:TaggedValue>
                  <sc:name>targetNamespace</sc:name>
                  <sc:values>
                    <sc:Value>http://example.org/shapechange/schema/external</sc:Value>
                  </sc:values>
                </sc:TaggedValue>
                <sc:TaggedValue>
                  <sc:name>version</sc:name>
                  <sc:values>
                    <sc:Value>1.0</sc:Value>
                  </sc:values>
                </sc:TaggedValue>
                <sc:TaggedValue>
                  <sc:name>xmlns</sc:name>
                  <sc:values>
                    <sc:Value>ext</sc:Value>
                  </sc:values>
                </sc:TaggedValue>
                <sc:TaggedValue>
                  <sc:name>xsdDocument</sc:name>
                  <sc:values>
                    <sc:Value>external.xsd</sc:Value>
                  </sc:values>
                </sc:TaggedValue>
              </sc:taggedValues>
            </sc:Package>
          </sc:packages>
        </sc:Package>
      </sc:packages>
    </sc:Package>
  </sc:packages>
</sc:Model>