<?xml version="1.0" encoding="Windows-1252"?>
<sc:Model xsi:schemaLocation="http://shapechange.net/model http://shapechange.net/resources/schema/ShapeChangeExportedModel.xsd" encoding="Windows-1252" scxmlProducer="ShapeChange" scxmlProducerVersion="unittest" xmlns:sc="http://shapechange.net/model" xmlns:xsi="http://www.w3.org/2001/XMLSchema-instance">
  <sc:packages>
    <sc:Package>
      <sc:name>Model</sc:name>
      <sc:id>P1</sc:id>
      <sc:packages>
        <sc:Package>
          <sc:name>Schemas</sc:name>
          <sc:id>P3</sc:id>
          <sc:packages>
            <sc:Package>
              <sc:name>Base Types</sc:name>
              <sc:id>P4</sc:id>
              <sc:classes>
                <sc:Class>
                  <sc:name>ClassificationCode</sc:name>
                  <sc:id>10</sc:id>
                  <sc:stereotypes>
                    <sc:Stereotype>codelist</sc:Stereotype>
                  </sc:stereotypes>
                  <sc:taggedValues>
                    <sc:TaggedValue>
                      <sc:name>asDictionary</sc:name>
                      <sc:values>
                        <sc:Value>true</sc:Value>
                      </sc:values>
                    </sc:TaggedValue>
                    <sc:TaggedValue>
                      <sc:name>codeList</sc:name>
                      <sc:values>
                        <sc:Value>http://metadata.ces.mil/mdr/ns/GSIP/codelist/ClassificationCode</sc:Value>
                      </sc:values>
                    </sc:TaggedValue>
                    <sc:TaggedValue>
                      <sc:name>codeListRepresentation</sc:name>
                      <sc:values>
                        <sc:Value>application/gml+xml;version=3.2</sc:Value>
                      </sc:values>
                    </sc:TaggedValue>
                    <sc:TaggedValue>
                      <sc:name>codeListValuePattern</sc:name>
                      <sc:values>
                        <sc:Value>{codeList}/{value}</sc:Value>
                      </sc:values>
                    </sc:TaggedValue>
                  </sc:taggedValues>
                  <sc:properties>
                    <sc:Property>
                      <sc:name>classified</sc:name>
                      <sc:id>10_5</sc:id>
                      <sc:sequenceNumber>-1073740052</sc:sequenceNumber>
                    </sc:Property>
                    <sc:Property>
                      <sc:name>unclassified</sc:name>
                      <sc:id>10_6</sc:id>
                      <sc:sequenceNumber>-1073740051</sc:sequenceNumber>
                    </sc:Property>
                  </sc:properties>
                </sc:Class>
                <sc:Class>
                  <sc:name>Type1Sub</sc:name>
                  <sc:id>17</sc:id>
                  <sc:stereotypes>
                    <sc:Stereotype>type</sc:Stereotype>
                  </sc:stereotypes>
                  <sc:supertypes>
                    <sc:SupertypeId>6</sc:SupertypeId>
                  </sc:supertypes>
                  <sc:properties>
                    <sc:Property>
                      <sc:name>att5</sc:name>
                      <sc:id>17_17</sc:id>
                      <sc:sequenceNumber>-1073740045</sc:sequenceNumber>
                      <sc:typeName>Integer</sc:typeName>
                      <sc:isComposition>true</sc:isComposition>
                    </sc:Property>
                  </sc:properties>
                </sc:Class>
                <sc:Class>
                  <sc:name>Enumeration</sc:name>
                  <sc:id>24</sc:id>
                  <sc:stereotypes>
                    <sc:Stereotype>enumeration</sc:Stereotype>
                  </sc:stereotypes>
                  <sc:properties>
                    <sc:Property>
                      <sc:name>val1</sc:name>
                      <sc:id>24_19</sc:id>
                      <sc:sequenceNumber>-1073740044</sc:sequenceNumber>
                    </sc:Property>
                    <sc:Property>
                      <sc:name>val2</sc:name>
                      <sc:id>24_20</sc:id>
                      <sc:sequenceNumber>-1073740043</sc:sequenceNumber>
                    </sc:Property>
                  </sc:properties>
                </sc:Class>
                <sc:Class>
                  <sc:name>Type1</sc:name>
                  <sc:id>6</sc:id>
                  <sc:stereotypes>
                    <sc:Stereotype>type</sc:Stereotype>
                  </sc:stereotypes>
                  <sc:descriptors>
                    <sc:definition>
                      <sc:descriptorValues>
                        <sc:DescriptorValue>This is type 1.</sc:DescriptorValue>
                      </sc:descriptorValues>
                    </sc:definition>
                    <sc:documentation>
                      <sc:descriptorValues>
                        <sc:DescriptorValue>This is type 1.</sc:DescriptorValue>
                      </sc:descriptorValues>
                    </sc:documentation>
                  </sc:descriptors>
                  <sc:taggedValues>
                    <sc:TaggedValue>
                      <sc:name>byValuePropertyType</sc:name>
                      <sc:values>
                        <sc:Value>false</sc:Value>
                      </sc:values>
                    </sc:TaggedValue>
                    <sc:TaggedValue>
                      <sc:name>gmlMixin</sc:name>
                      <sc:values>
                        <sc:Value>false</sc:Value>
                      </sc:values>
                    </sc:TaggedValue>
                    <sc:TaggedValue>
                      <sc:name>isCollection</sc:name>
                      <sc:values>
                        <sc:Value>false</sc:Value>
                      </sc:values>
                    </sc:TaggedValue>
                    <sc:TaggedValue>
                      <sc:name>noPropertyType</sc:name>
                      <sc:values>
                        <sc:Value>false</sc:Value>
                      </sc:values>
                    </sc:TaggedValue>
                    <sc:TaggedValue>
                      <sc:name>suppress</sc:name>
                      <sc:values>
                        <sc:Value>false</sc:Value>
                      </sc:values>
                    </sc:TaggedValue>
                    <sc:TaggedValue>
                      <sc:name>xmlSchemaType</sc:name>
                    </sc:TaggedValue>
                  </sc:taggedValues>
                  <sc:subtypes>
                    <sc:SubtypeId>17</sc:SubtypeId>
                    <sc:SubtypeId>7</sc:SubtypeId>
                    <sc:SubtypeId>8</sc:SubtypeId>
                    <sc:SubtypeId>9</sc:SubtypeId>
                  </sc:subtypes>
                  <sc:properties>
                    <sc:Property>
                      <sc:name>att1</sc:name>
                      <sc:id>6_1</sc:id>
                      <sc:sequenceNumber>-1073740042</sc:sequenceNumber>
                      <sc:typeName>CharacterString</sc:typeName>
                      <sc:isComposition>true</sc:isComposition>
                    </sc:Property>
                    <sc:Property>
                      <sc:name>att2</sc:name>
                      <sc:id>6_2</sc:id>
                      <sc:cardinality>0..*</sc:cardinality>
                      <sc:sequenceNumber>-1073740041</sc:sequenceNumber>
                      <sc:typeId>17</sc:typeId>
                      <sc:typeName>Type1Sub</sc:typeName>
                      <sc:isComposition>true</sc:isComposition>
                    </sc:Property>
                    <sc:Property>
                      <sc:name>att3</sc:name>
                      <sc:id>6_3</sc:id>
                      <sc:cardinality>0..1</sc:cardinality>
                      <sc:sequenceNumber>-1073740040</sc:sequenceNumber>
                      <sc:typeId>10</sc:typeId>
                      <sc:typeName>ClassificationCode</sc:typeName>
                      <sc:isComposition>true</sc:isComposition>
                    </sc:Property>
                    <sc:Property>
                      <sc:name>att4</sc:name>
                      <sc:id>6_4</sc:id>
                      <sc:sequenceNumber>-1073740039</sc:sequenceNumber>
                      <sc:typeId>24</sc:typeId>
                      <sc:typeName>Enumeration</sc:typeName>
                      <sc:isComposition>true</sc:isComposition>
                    </sc:Property>
                  </sc:properties>
                </sc:Class>
              </sc:classes>
            </sc:Package>
            <sc:Package>
              <sc:name>Profile</sc:name>
              <sc:id>P6</sc:id>
              <sc:stereotypes>
                <sc:Stereotype>schema</sc:Stereotype>
              </sc:stereotypes>
              <sc:taggedValues>
                <sc:TaggedValue>
                  <sc:name>gmlProfileSchema</sc:name>
                </sc:TaggedValue>
                <sc:TaggedValue>
                  <sc:name>targetNamespace</sc:name>
                  <sc:values>
                    <sc:Value>http://www.opengis.net/ows8/test/1</sc:Value>
                  </sc:values>
                </sc:TaggedValue>
                <sc:TaggedValue>
                  <sc:name>uomResourceRepresentation</sc:name>
                  <sc:values>
                    <sc:Value>application/gml+xml;version=3.2</sc:Value>
                  </sc:values>
                </sc:TaggedValue>
                <sc:TaggedValue>
                  <sc:name>uomResourceURI</sc:name>
                  <sc:values>
                    <sc:Value>http://metadata.ces.mil/mdr/ns/GSIP/uom/</sc:Value>
                  </sc:values>
                </sc:TaggedValue>
                <sc:TaggedValue>
                  <sc:name>uomResourceValuePattern</sc:name>
                  <sc:values>
                    <sc:Value>{resource}/{quantity}/{uom}</sc:Value>
                  </sc:values>
                </sc:TaggedValue>
                <sc:TaggedValue>
                  <sc:name>version</sc:name>
                  <sc:values>
                    <sc:Value>0.1</sc:Value>
                  </sc:values>
                </sc:TaggedValue>
                <sc:TaggedValue>
                  <sc:name>xmlns</sc:name>
                  <sc:values>
                    <sc:Value>p</sc:Value>
                  </sc:values>
                </sc:TaggedValue>
                <sc:TaggedValue>
                  <sc:name>xsdDocument</sc:name>
                  <sc:values>
                    <sc:Value>testprofile.xsd</sc:Value>
                  </sc:values>
                </sc:TaggedValue>
                <sc:TaggedValue>
                  <sc:name>xsdEncodingRule</sc:name>
                  <sc:values>
                    <sc:Value>metadata-profile</sc:Value>
                  </sc:values>
                </sc:TaggedValue>
              </sc:taggedValues>
              <sc:supplierIds>
                <sc:SupplierId>P4</sc:SupplierId>
              </sc:supplierIds>
              <sc:classes>
                <sc:Class>
                  <sc:name>Type2</sc:name>
                  <sc:id>11</sc:id>
                  <sc:stereotypes>
                    <sc:Stereotype>type</sc:Stereotype>
                  </sc:stereotypes>
                  <sc:taggedValues>
                    <sc:TaggedValue>
                      <sc:name>byValuePropertyType</sc:name>
                      <sc:values>
                        <sc:Value>false</sc:Value>
                      </sc:values>
                    </sc:TaggedValue>
                    <sc:TaggedValue>
                      <sc:name>gmlMixin</sc:name>
                      <sc:values>
                        <sc:Value>false</sc:Value>
                      </sc:values>
                    </sc:TaggedValue>
                    <sc:TaggedValue>
                      <sc:name>isCollection</sc:name>
                      <sc:values>
                        <sc:Value>false</sc:Value>
                      </sc:values>
                    </sc:TaggedValue>
                    <sc:TaggedValue>
                      <sc:name>noPropertyType</sc:name>
                      <sc:values>
                        <sc:Value>false</sc:Value>
                      </sc:values>
                    </sc:TaggedValue>
                    <sc:TaggedValue>
                      <sc:name>suppress</sc:name>
                      <sc:values>
                        <sc:Value>false</sc:Value>
                      </sc:values>
                    </sc:TaggedValue>
                    <sc:TaggedValue>
                      <sc:name>xmlSchemaType</sc:name>
                    </sc:TaggedValue>
                  </sc:taggedValues>
                  <sc:properties>
                    <sc:Property>
                      <sc:name>att</sc:name>
                      <sc:id>11_8</sc:id>
                      <sc:sequenceNumber>-1073740050</sc:sequenceNumber>
                      <sc:typeName>CharacterString</sc:typeName>
                      <sc:isComposition>true</sc:isComposition>
                    </sc:Property>
                  </sc:properties>
                </sc:Class>
                <sc:Class>
                  <sc:name>Type1r</sc:name>
                  <sc:id>7</sc:id>
                  <sc:stereotypes>
                    <sc:Stereotype>type</sc:Stereotype>
                  </sc:stereotypes>
                  <sc:taggedValues>
                    <sc:TaggedValue>
                      <sc:name>byValuePropertyType</sc:name>
                      <sc:values>
                        <sc:Value>false</sc:Value>
                      </sc:values>
                    </sc:TaggedValue>
                    <sc:TaggedValue>
                      <sc:name>gmlMixin</sc:name>
                      <sc:values>
                        <sc:Value>false</sc:Value>
                      </sc:values>
                    </sc:TaggedValue>
                    <sc:TaggedValue>
                      <sc:name>isCollection</sc:name>
                      <sc:values>
                        <sc:Value>false</sc:Value>
                      </sc:values>
                    </sc:TaggedValue>
                    <sc:TaggedValue>
                      <sc:name>noPropertyType</sc:name>
                      <sc:values>
                        <sc:Value>false</sc:Value>
                      </sc:values>
                    </sc:TaggedValue>
                    <sc:TaggedValue>
                      <sc:name>suppress</sc:name>
                      <sc:values>
                        <sc:Value>true</sc:Value>
                      </sc:values>
                    </sc:TaggedValue>
                    <sc:TaggedValue>
                      <sc:name>xmlSchemaType</sc:name>
                    </sc:TaggedValue>
                  </sc:taggedValues>
                  <sc:supertypes>
                    <sc:SupertypeId>6</sc:SupertypeId>
                  </sc:supertypes>
                  <sc:constraints>
                    <sc:OclConstraint>
                      <sc:name>att1IsClassificationCode</sc:name>
                      <sc:status>Approved</sc:status>
                      <sc:text>/* att1 is restricted to ClassificationCode values */&#xD;&#xA;inv: att1.oclIsTypeOf(ClassificationCode)</sc:text>
                    </sc:OclConstraint>
                    <sc:OclConstraint>
                      <sc:name>att1IsNotClassified</sc:name>
                      <sc:status>Approved</sc:status>
                      <sc:text>/* att1 is not of value classified */&#xD;&#xA;inv: att1.oclAsType(ClassificationCode) &lt;&gt; ClassificationCode::classified</sc:text>
                    </sc:OclConstraint>
                    <sc:OclConstraint>
                      <sc:name>att3IsEmpty</sc:name>
                      <sc:status>Approved</sc:status>
                      <sc:text>/* att3 not part of the profile */&#xD;&#xA;inv: att3-&gt;isEmpty()</sc:text>
                    </sc:OclConstraint>
                  </sc:constraints>
                </sc:Class>
                <sc:Class>
                  <sc:name>Type1e</sc:name>
                  <sc:id>8</sc:id>
                  <sc:stereotypes>
                    <sc:Stereotype>type</sc:Stereotype>
                  </sc:stereotypes>
                  <sc:taggedValues>
                    <sc:TaggedValue>
                      <sc:name>byValuePropertyType</sc:name>
                      <sc:values>
                        <sc:Value>false</sc:Value>
                      </sc:values>
                    </sc:TaggedValue>
                    <sc:TaggedValue>
                      <sc:name>gmlMixin</sc:name>
                      <sc:values>
                        <sc:Value>false</sc:Value>
                      </sc:values>
                    </sc:TaggedValue>
                    <sc:TaggedValue>
                      <sc:name>isCollection</sc:name>
                      <sc:values>
                        <sc:Value>false</sc:Value>
                      </sc:values>
                    </sc:TaggedValue>
                    <sc:TaggedValue>
                      <sc:name>noPropertyType</sc:name>
                      <sc:values>
                        <sc:Value>false</sc:Value>
                      </sc:values>
                    </sc:TaggedValue>
                    <sc:TaggedValue>
                      <sc:name>suppress</sc:name>
                      <sc:values>
                        <sc:Value>false</sc:Value>
                      </sc:values>
                    </sc:TaggedValue>
                    <sc:TaggedValue>
                      <sc:name>xmlSchemaType</sc:name>
                    </sc:TaggedValue>
                  </sc:taggedValues>
                  <sc:supertypes>
                    <sc:SupertypeId>6</sc:SupertypeId>
                  </sc:supertypes>
                  <sc:properties>
                    <sc:Property>
                      <sc:name>att5</sc:name>
                      <sc:id>8_7</sc:id>
                      <sc:cardinality>0..1</sc:cardinality>
                      <sc:sequenceNumber>-1073740038</sc:sequenceNumber>
                      <sc:typeName>Integer</sc:typeName>
                      <sc:isComposition>true</sc:isComposition>
                    </sc:Property>
                    <sc:Property>
                      <sc:name>rel</sc:name>
                      <sc:id>Tas5</sc:id>
                      <sc:cardinality>0..*</sc:cardinality>
                      <sc:sequenceNumber>-536870649</sc:sequenceNumber>
                      <sc:typeId>11</sc:typeId>
                      <sc:typeName>Type2</sc:typeName>
                      <sc:isAttribute>false</sc:isAttribute>
                      <sc:associationId>as5</sc:associationId>
                    </sc:Property>
                  </sc:properties>
                </sc:Class>
                <sc:Class>
                  <sc:name>Type1</sc:name>
                  <sc:id>9</sc:id>
                  <sc:stereotypes>
                    <sc:Stereotype>type</sc:Stereotype>
                  </sc:stereotypes>
                  <sc:descriptors>
                    <sc:definition>
                      <sc:descriptorValues>
                        <sc:DescriptorValue>This is type 1.</sc:DescriptorValue>
                      </sc:descriptorValues>
                    </sc:definition>
                    <sc:documentation>
                      <sc:descriptorValues>
                        <sc:DescriptorValue>This is type 1.</sc:DescriptorValue>
                      </sc:descriptorValues>
                    </sc:documentation>
                  </sc:descriptors>
                  <sc:taggedValues>
                    <sc:TaggedValue>
                      <sc:name>byValuePropertyType</sc:name>
                      <sc:values>
                        <sc:Value>false</sc:Value>
                      </sc:values>
                    </sc:TaggedValue>
                    <sc:TaggedValue>
                      <sc:name>gmlMixin</sc:name>
                      <sc:values>
                        <sc:Value>false</sc:Value>
                      </sc:values>
                    </sc:TaggedValue>
                    <sc:TaggedValue>
                      <sc:name>isCollection</sc:name>
                      <sc:values>
                        <sc:Value>false</sc:Value>
                      </sc:values>
                    </sc:TaggedValue>
                    <sc:TaggedValue>
                      <sc:name>noPropertyType</sc:name>
                      <sc:values>
                        <sc:Value>false</sc:Value>
                      </sc:values>
                    </sc:TaggedValue>
                    <sc:TaggedValue>
                      <sc:name>suppress</sc:name>
                      <sc:values>
                        <sc:Value>false</sc:Value>
                      </sc:values>
                    </sc:TaggedValue>
                    <sc:TaggedValue>
                      <sc:name>xmlSchemaType</sc:name>
                    </sc:TaggedValue>
                  </sc:taggedValues>
                  <sc:supertypes>
                    <sc:SupertypeId>6</sc:SupertypeId>
                  </sc:supertypes>
                  <sc:constraints>
                    <sc:OclConstraint>
                      <sc:name>att1IsClassificationCode</sc:name>
                      <sc:status>Approved</sc:status>
                      <sc:text>/* att1 is restricted to ClassificationCode values */&#xD;&#xA;inv: att1.oclIsTypeOf(ClassificationCode)</sc:text>
                    </sc:OclConstraint>
                    <sc:OclConstraint>
                      <sc:name>att1IsNotClassified</sc:name>
                      <sc:status>Approved</sc:status>
                      <sc:text>/* att1 is not of value classified */&#xD;&#xA;inv: att1.oclAsType(ClassificationCode) &lt;&gt; ClassificationCode::classified</sc:text>
                    </sc:OclConstraint>
                    <sc:OclConstraint>
                      <sc:name>att3IsEmpty</sc:name>
                      <sc:status>Approved</sc:status>
                      <sc:text>/* att3 not part of the profile */&#xD;&#xA;inv: att3-&gt;isEmpty()</sc:text>
                    </sc:OclConstraint>
                  </sc:constraints>
                  <sc:properties>
                    <sc:Property>
                      <sc:name>att5</sc:name>
                      <sc:id>9_9</sc:id>
                      <sc:cardinality>0..1</sc:cardinality>
                      <sc:sequenceNumber>-1073740037</sc:sequenceNumber>
                      <sc:typeName>Integer</sc:typeName>
                      <sc:isComposition>true</sc:isComposition>
                    </sc:Property>
                    <sc:Property>
                      <sc:name>rel</sc:name>
                      <sc:id>Tas6</sc:id>
                      <sc:cardinality>0..*</sc:cardinality>
                      <sc:sequenceNumber>-536870647</sc:sequenceNumber>
                      <sc:typeId>11</sc:typeId>
                      <sc:typeName>Type2</sc:typeName>
                      <sc:isAttribute>false</sc:isAttribute>
                      <sc:associationId>as6</sc:associationId>
                    </sc:Property>
                  </sc:properties>
                </sc:Class>
              </sc:classes>
            </sc:Package>
            <sc:Package>
              <sc:name>LetTest</sc:name>
              <sc:id>P7</sc:id>
              <sc:stereotypes>
                <sc:Stereotype>application schema</sc:Stereotype>
              </sc:stereotypes>
              <sc:taggedValues>
                <sc:TaggedValue>
                  <sc:name>gmlProfileSchema</sc:name>
                </sc:TaggedValue>
                <sc:TaggedValue>
                  <sc:name>targetNamespace</sc:name>
                  <sc:values>
                    <sc:Value>http://www.opengis.net/ows8/test/2</sc:Value>
                  </sc:values>
                </sc:TaggedValue>
                <sc:TaggedValue>
                  <sc:name>uomResourceRepresentation</sc:name>
                  <sc:values>
                    <sc:Value>application/gml+xml;version=3.2</sc:Value>
                  </sc:values>
                </sc:TaggedValue>
                <sc:TaggedValue>
                  <sc:name>uomResourceURI</sc:name>
                </sc:TaggedValue>
                <sc:TaggedValue>
                  <sc:name>uomResourceValuePattern</sc:name>
                  <sc:values>
                    <sc:Value>{resource}/{quantity}/{uom}</sc:Value>
                  </sc:values>
                </sc:TaggedValue>
                <sc:TaggedValue>
                  <sc:name>version</sc:name>
                  <sc:values>
                    <sc:Value>0.1</sc:Value>
                  </sc:values>
                </sc:TaggedValue>
                <sc:TaggedValue>
                  <sc:name>xmlns</sc:name>
                  <sc:values>
                    <sc:Value>t</sc:Value>
                  </sc:values>
                </sc:TaggedValue>
                <sc:TaggedValue>
                  <sc:name>xsdDocument</sc:name>
                  <sc:values>
                    <sc:Value>testlet.xsd</sc:Value>
                  </sc:values>
                </sc:TaggedValue>
                <sc:TaggedValue>
                  <sc:name>xsdEncodingRule</sc:name>
                  <sc:values>
                    <sc:Value>gml33-with-schematron</sc:Value>
                  </sc:values>
                </sc:TaggedValue>
              </sc:taggedValues>
              <sc:classes>
                <sc:Class>
                  <sc:name>LetTest</sc:name>
                  <sc:id>15</sc:id>
                  <sc:stereotypes>
                    <sc:Stereotype>featuretype</sc:Stereotype>
                  </sc:stereotypes>
                  <sc:constraints>
                    <sc:OclConstraint>
                      <sc:name>att1DifferentFromAttx</sc:name>
                      <sc:status>Approved</sc:status>
                      <sc:text>/* att1 must be different from associated attx.*/&#xD;&#xA;inv: let a=att1, b=att3.attx in a-&gt;notEmpty() and b-&gt;notEmpty() implies a&lt;&gt;b</sc:text>
                    </sc:OclConstraint>
                    <sc:OclConstraint>
                      <sc:name>att1PositiveAndLtSizeOfAtt2</sc:name>
                      <sc:status>Approved</sc:status>
                      <sc:text>/* att1 must be greater 0 and less than the cardinality of att2. */ &#xD;&#xA;inv: let u=att1, v=att2 in u-&gt;notEmpty() implies 0 &lt; u and u &lt; v-&gt;size()</sc:text>
                    </sc:OclConstraint>
                    <sc:OclConstraint>
                      <sc:name>att2ContainsAtt1AndIsUnique</sc:name>
                      <sc:status>Approved</sc:status>
                      <sc:text>/* att2 contains att1 and is unique. */&#xD;&#xA;inv: let x=att1,y=att2 in x-&gt;notEmpty() implies y-&gt;exists(z|z=x) and y-&gt;isUnique(z|z) </sc:text>
                    </sc:OclConstraint>
                    <sc:OclConstraint>
                      <sc:name>existLetTest1NumRelate</sc:name>
                      <sc:status>Approved</sc:status>
                      <sc:text>/* There need to exist LetTest1 objects, which numerically relate to the current object.*/&#xD;&#xA;inv: let a=att1 in LetTest1.allInstances()-&gt;exists( x | let b=x.attx in 0&lt;=b and b&lt;2*a )</sc:text>
                    </sc:OclConstraint>
                  </sc:constraints>
                  <sc:properties>
                    <sc:Property>
                      <sc:name>att1</sc:name>
                      <sc:id>15_13</sc:id>
                      <sc:cardinality>0..1</sc:cardinality>
                      <sc:sequenceNumber>-1073740049</sc:sequenceNumber>
                      <sc:typeName>Integer</sc:typeName>
                      <sc:isComposition>true</sc:isComposition>
                    </sc:Property>
                    <sc:Property>
                      <sc:name>att2</sc:name>
                      <sc:id>15_14</sc:id>
                      <sc:cardinality>0..*</sc:cardinality>
                      <sc:sequenceNumber>-1073740048</sc:sequenceNumber>
                      <sc:typeName>Integer</sc:typeName>
                      <sc:isComposition>true</sc:isComposition>
                    </sc:Property>
                    <sc:Property>
                      <sc:name>att3</sc:name>
                      <sc:id>15_16</sc:id>
                      <sc:sequenceNumber>-1073740047</sc:sequenceNumber>
                      <sc:typeId>16</sc:typeId>
                      <sc:typeName>LetTest1</sc:typeName>
                      <sc:isComposition>true</sc:isComposition>
                    </sc:Property>
                  </sc:properties>
                </sc:Class>
                <sc:Class>
                  <sc:name>LetTest1</sc:name>
                  <sc:id>16</sc:id>
                  <sc:stereotypes>
                    <sc:Stereotype>datatype</sc:Stereotype>
                  </sc:stereotypes>
                  <sc:properties>
                    <sc:Property>
                      <sc:name>attx</sc:name>
                      <sc:id>16_15</sc:id>
                      <sc:cardinality>0..1</sc:cardinality>
                      <sc:sequenceNumber>-1073740046</sc:sequenceNumber>
                      <sc:typeName>Integer</sc:typeName>
                      <sc:isComposition>true</sc:isComposition>
                    </sc:Property>
                  </sc:properties>
                </sc:Class>
              </sc:classes>
            </sc:Package>
          </sc:packages>
        </sc:Package>
      </sc:packages>
    </sc:Package>
  </sc:packages>
  <sc:associations>
    <sc:Association>
      <sc:name>Type1e_Type2</sc:name>
      <sc:id>as5</sc:id>
      <sc:end1>
        <sc:Property>
          <sc:name>role_Sas5</sc:name>
          <sc:id>Sas5</sc:id>
          <sc:isNavigable>false</sc:isNavigable>
          <sc:sequenceNumber>-536870650</sc:sequenceNumber>
          <sc:typeId>8</sc:typeId>
          <sc:typeName>Type1e</sc:typeName>
          <sc:isAttribute>false</sc:isAttribute>
          <sc:inClassId>11</sc:inClassId>
          <sc:associationId>as5</sc:associationId>
        </sc:Property>
      </sc:end1>
      <sc:end2 ref="Tas5"></sc:end2>
    </sc:Association>
    <sc:Association>
      <sc:name>Type1_Type2</sc:name>
      <sc:id>as6</sc:id>
      <sc:end1>
        <sc:Property>
          <sc:name>role_Sas6</sc:name>
          <sc:id>Sas6</sc:id>
          <sc:isNavigable>false</sc:isNavigable>
          <sc:sequenceNumber>-536870648</sc:sequenceNumber>
          <sc:typeId>9</sc:typeId>
          <sc:typeName>Type1</sc:typeName>
          <sc:isAttribute>false</sc:isAttribute>
          <sc:inClassId>11</sc:inClassId>
          <sc:associationId>as6</sc:associationId>
        </sc:Property>
      </sc:end1>
      <sc:end2 ref="Tas6"></sc:end2>
    </sc:Association>
  </sc:associations>
</sc:Model>