<?xml version="1.0" encoding="UTF-8"?>
<sc:Model xsi:schemaLocation="http://shapechange.net/model http://shapechange.net/resources/schema/ShapeChangeExportedModel.xsd" encoding="UTF-8" scxmlProducer="ShapeChange" scxmlProducerVersion="unittest" xmlns:sc="http://shapechange.net/model" xmlns:xsi="http://www.w3.org/2001/XMLSchema-instance">
  <sc:packages>
    <sc:Package>
      <sc:name>Model</sc:name>
      <sc:id>P1</sc:id>
      <sc:packages>
        <sc:Package>
          <sc:name>Schemas</sc:name>
          <sc:id>P2</sc:id>
          <sc:packages>
            <sc:Package>
              <sc:name>Test Schema</sc:name>
              <sc:id>P4</sc:id>
              <sc:stereotypes>
                <sc:Stereotype>application schema</sc:Stereotype>
              </sc:stereotypes>
              <sc:descriptors>
                <sc:alias>
                  <sc:descriptorValues>
                    <sc:DescriptorValue>applicationSchema</sc:DescriptorValue>
                  </sc:descriptorValues>
                </sc:alias>
              </sc:descriptors>
              <sc:taggedValues>
                <sc:TaggedValue>
                  <sc:name>gmlProfileSchema</sc:name>
                </sc:TaggedValue>
                <sc:TaggedValue>
                  <sc:name>targetNamespace</sc:name>
                  <sc:values>
                    <sc:Value>http://example.org/shapechange/schema/test</sc:Value>
                  </sc:values>
                </sc:TaggedValue>
                <sc:TaggedValue>
                  <sc:name>version</sc:name>
                  <sc:values>
                    <sc:Value>1.0</sc:Value>
                  </sc:values>
                </sc:TaggedValue>
                <sc:TaggedValue>
                  <sc:name>xmlns</sc:name>
                  <sc:values>
                    <sc:Value>t</sc:Value>
                  </sc:values>
                </sc:TaggedValue>
                <sc:TaggedValue>
                  <sc:name>xsdDocument</sc:name>
                  <sc:values>
                    <sc:Value>test.xsd</sc:Value>
                  </sc:values>
                </sc:TaggedValue>
              </sc:taggedValues>
              <sc:classes>
                <sc:Class>
                  <sc:name>MyCollection</sc:name>
                  <sc:id>5</sc:id>
                  <sc:stereotypes>
                    <sc:Stereotype>featurecollection</sc:Stereotype>
                  </sc:stereotypes>
                </sc:Class>
              </sc:classes>
            </sc:Package>
            <sc:Package>
              <sc:name>External Schema</sc:name>
              <sc:id>P5</sc:id>
              <sc:stereotypes>
                <sc:Stereotype>application schema</sc:Stereotype>
              </sc:stereotypes>
              <sc:descriptors>
                <sc:alias>
                  <sc:descriptorValues>
                    <sc:DescriptorValue>applicationSchema</sc:DescriptorValue>
                  </sc:descriptorValues>
                </sc:alias>
              </sc:descriptors>
              <sc:taggedValues>
                <sc:TaggedValue>
                  <sc:name>gmlProfileSchema</sc:name>
                </sc:TaggedValue>
                <sc:TaggedValue>
                  <sc:name>targetNamespace</sc:name>
                  <sc:values>
                    <sc:Value>http://example.org/shapechange/schema/external</sc:Value>
                  </sc:values>
                </sc:TaggedValue>
                <sc:TaggedValue>
                  <sc:name>version</sc:name>
                  <sc:values>
                    <sc:Value>1.0</sc:Value>
                  </sc:values>
                </sc:TaggedValue>
                <sc:TaggedValue>
                  <sc:name>xmlns</sc:name>
                  <sc:values>
                    <sc:Value>ext</sc:Value>
                  </sc:values>
                </sc:TaggedValue>
                <sc:TaggedValue>
                  <sc:name>xsdDocument</sc:name>
                  <sc:values>
                    <sc:Value>external.xsd</sc:Value>
                  </sc:values>
                </sc:TaggedValue>
              </sc:taggedValues>
            </sc:Package>
          </sc:packages>
        </sc:Package>
      </sc:packages>
    </sc:Package>
  </sc:packages>
</sc:Model>