<?xml version="1.0" encoding="Windows-1252"?>
<sc:Model xsi:schemaLocation="http://shapechange.net/model http://shapechange.net/resources/schema/ShapeChangeExportedModel.xsd" encoding="Windows-1252" scxmlProducer="ShapeChange" scxmlProducerVersion="unittest" xmlns:sc="http://shapechange.net/model" xmlns:xsi="http://www.w3.org/2001/XMLSchema-instance">
  <sc:packages>
    <sc:Package>
      <sc:name>Model</sc:name>
      <sc:id>P1</sc:id>
      <sc:packages>
        <sc:Package>
          <sc:name>Schemas</sc:name>
          <sc:id>P2</sc:id>
          <sc:packages>
            <sc:Package>
              <sc:name>Test Schema</sc:name>
              <sc:id>P4</sc:id>
              <sc:stereotypes>
                <sc:Stereotype>application schema</sc:Stereotype>
              </sc:stereotypes>
              <sc:taggedValues>
                <sc:TaggedValue>
                  <sc:name>gmlProfileSchema</sc:name>
                </sc:TaggedValue>
                <sc:TaggedValue>
                  <sc:name>targetNamespace</sc:name>
                  <sc:values>
                    <sc:Value>http://example.org/shapechange/schema/test</sc:Value>
                  </sc:values>
                </sc:TaggedValue>
                <sc:TaggedValue>
                  <sc:name>version</sc:name>
                  <sc:values>
                    <sc:Value>1.0</sc:Value>
                  </sc:values>
                </sc:TaggedValue>
                <sc:TaggedValue>
                  <sc:name>xmlns</sc:name>
                  <sc:values>
                    <sc:Value>t</sc:Value>
                  </sc:values>
                </sc:TaggedValue>
                <sc:TaggedValue>
                  <sc:name>xsdDocument</sc:name>
                  <sc:values>
                    <sc:Value>test.xsd</sc:Value>
                  </sc:values>
                </sc:TaggedValue>
              </sc:taggedValues>
              <sc:classes>
                <sc:Class>
                  <sc:name>FT_A</sc:name>
                  <sc:id>5</sc:id>
                  <sc:stereotypes>
                    <sc:Stereotype>featuretype</sc:Stereotype>
                  </sc:stereotypes>
                  <sc:taggedValues>
                    <sc:TaggedValue>
                      <sc:name>byValuePropertyType</sc:name>
                      <sc:values>
                        <sc:Value>false</sc:Value>
                      </sc:values>
                    </sc:TaggedValue>
                    <sc:TaggedValue>
                      <sc:name>gmlMixin</sc:name>
                      <sc:values>
                        <sc:Value>false</sc:Value>
                      </sc:values>
                    </sc:TaggedValue>
                    <sc:TaggedValue>
                      <sc:name>isCollection</sc:name>
                      <sc:values>
                        <sc:Value>false</sc:Value>
                      </sc:values>
                    </sc:TaggedValue>
                    <sc:TaggedValue>
                      <sc:name>noPropertyType</sc:name>
                      <sc:values>
                        <sc:Value>false</sc:Value>
                      </sc:values>
                    </sc:TaggedValue>
                  </sc:taggedValues>
                  <sc:properties>
                    <sc:Property>
                      <sc:name>a</sc:name>
                      <sc:id>5_3</sc:id>
                      <sc:taggedValues>
                        <sc:TaggedValue>
                          <sc:name>inlineOrByReference</sc:name>
                          <sc:values>
                            <sc:Value>inlineOrByReference</sc:Value>
                          </sc:values>
                        </sc:TaggedValue>
                        <sc:TaggedValue>
                          <sc:name>isMetadata</sc:name>
                          <sc:values>
                            <sc:Value>false</sc:Value>
                          </sc:values>
                        </sc:TaggedValue>
                        <sc:TaggedValue>
                          <sc:name>sequenceNumber</sc:name>
                          <sc:values>
                            <sc:Value>10</sc:Value>
                          </sc:values>
                        </sc:TaggedValue>
                      </sc:taggedValues>
                      <sc:sequenceNumber>10</sc:sequenceNumber>
                      <sc:typeName>CharacterString</sc:typeName>
                      <sc:isComposition>true</sc:isComposition>
                    </sc:Property>
                    <sc:Property>
                      <sc:name>x</sc:name>
                      <sc:id>5_4</sc:id>
                      <sc:taggedValues>
                        <sc:TaggedValue>
                          <sc:name>inlineOrByReference</sc:name>
                          <sc:values>
                            <sc:Value>inlineOrByReference</sc:Value>
                          </sc:values>
                        </sc:TaggedValue>
                        <sc:TaggedValue>
                          <sc:name>isMetadata</sc:name>
                          <sc:values>
                            <sc:Value>false</sc:Value>
                          </sc:values>
                        </sc:TaggedValue>
                        <sc:TaggedValue>
                          <sc:name>sequenceNumber</sc:name>
                          <sc:values>
                            <sc:Value>20</sc:Value>
                          </sc:values>
                        </sc:TaggedValue>
                      </sc:taggedValues>
                      <sc:sequenceNumber>20</sc:sequenceNumber>
                      <sc:typeName>Boolean</sc:typeName>
                      <sc:isComposition>true</sc:isComposition>
                    </sc:Property>
                  </sc:properties>
                </sc:Class>
                <sc:Class>
                  <sc:name>Enumeration</sc:name>
                  <sc:id>6</sc:id>
                  <sc:stereotypes>
                    <sc:Stereotype>enumeration</sc:Stereotype>
                  </sc:stereotypes>
                  <sc:properties>
                    <sc:Property>
                      <sc:name>a</sc:name>
                      <sc:id>6_1</sc:id>
                      <sc:taggedValues>
                        <sc:TaggedValue>
                          <sc:name>sequenceNumber</sc:name>
                        </sc:TaggedValue>
                      </sc:taggedValues>
                      <sc:sequenceNumber>-1073741824</sc:sequenceNumber>
                    </sc:Property>
                    <sc:Property>
                      <sc:name>b</sc:name>
                      <sc:id>6_2</sc:id>
                      <sc:taggedValues>
                        <sc:TaggedValue>
                          <sc:name>sequenceNumber</sc:name>
                        </sc:TaggedValue>
                      </sc:taggedValues>
                      <sc:sequenceNumber>-1073741823</sc:sequenceNumber>
                    </sc:Property>
                  </sc:properties>
                </sc:Class>
                <sc:Class>
                  <sc:name>FT_B</sc:name>
                  <sc:id>7</sc:id>
                  <sc:stereotypes>
                    <sc:Stereotype>featuretype</sc:Stereotype>
                  </sc:stereotypes>
                  <sc:taggedValues>
                    <sc:TaggedValue>
                      <sc:name>byValuePropertyType</sc:name>
                      <sc:values>
                        <sc:Value>false</sc:Value>
                      </sc:values>
                    </sc:TaggedValue>
                    <sc:TaggedValue>
                      <sc:name>gmlMixin</sc:name>
                      <sc:values>
                        <sc:Value>false</sc:Value>
                      </sc:values>
                    </sc:TaggedValue>
                    <sc:TaggedValue>
                      <sc:name>isCollection</sc:name>
                      <sc:values>
                        <sc:Value>false</sc:Value>
                      </sc:values>
                    </sc:TaggedValue>
                    <sc:TaggedValue>
                      <sc:name>noPropertyType</sc:name>
                      <sc:values>
                        <sc:Value>false</sc:Value>
                      </sc:values>
                    </sc:TaggedValue>
                  </sc:taggedValues>
                  <sc:properties>
                    <sc:Property>
                      <sc:name>x</sc:name>
                      <sc:id>Tas1</sc:id>
                      <sc:taggedValues>
                        <sc:TaggedValue>
                          <sc:name>sequenceNumber</sc:name>
                          <sc:values>
                            <sc:Value>10</sc:Value>
                          </sc:values>
                        </sc:TaggedValue>
                      </sc:taggedValues>
                      <sc:sequenceNumber>10</sc:sequenceNumber>
                      <sc:typeId>5</sc:typeId>
                      <sc:typeName>FT_A</sc:typeName>
                      <sc:isAttribute>false</sc:isAttribute>
                      <sc:associationId>as1</sc:associationId>
                    </sc:Property>
                  </sc:properties>
                </sc:Class>
              </sc:classes>
            </sc:Package>
            <sc:Package>
              <sc:name>External Schema</sc:name>
              <sc:id>P5</sc:id>
              <sc:stereotypes>
                <sc:Stereotype>application schema</sc:Stereotype>
              </sc:stereotypes>
              <sc:taggedValues>
                <sc:TaggedValue>
                  <sc:name>gmlProfileSchema</sc:name>
                </sc:TaggedValue>
                <sc:TaggedValue>
                  <sc:name>targetNamespace</sc:name>
                  <sc:values>
                    <sc:Value>http://example.org/shapechange/schema/external</sc:Value>
                  </sc:values>
                </sc:TaggedValue>
                <sc:TaggedValue>
                  <sc:name>version</sc:name>
                  <sc:values>
                    <sc:Value>1.0</sc:Value>
                  </sc:values>
                </sc:TaggedValue>
                <sc:TaggedValue>
                  <sc:name>xmlns</sc:name>
                  <sc:values>
                    <sc:Value>ext</sc:Value>
                  </sc:values>
                </sc:TaggedValue>
                <sc:TaggedValue>
                  <sc:name>xsdDocument</sc:name>
                  <sc:values>
                    <sc:Value>external.xsd</sc:Value>
                  </sc:values>
                </sc:TaggedValue>
              </sc:taggedValues>
            </sc:Package>
          </sc:packages>
        </sc:Package>
      </sc:packages>
    </sc:Package>
  </sc:packages>
  <sc:associations>
    <sc:Association>
      <sc:name>FT_B_FT_A</sc:name>
      <sc:id>as1</sc:id>
      <sc:end1>
        <sc:Property>
          <sc:name>role_Sas1</sc:name>
          <sc:id>Sas1</sc:id>
          <sc:isNavigable>false</sc:isNavigable>
          <sc:sequenceNumber>-536870912</sc:sequenceNumber>
          <sc:typeId>7</sc:typeId>
          <sc:typeName>FT_B</sc:typeName>
          <sc:isAttribute>false</sc:isAttribute>
          <sc:inClassId>5</sc:inClassId>
          <sc:associationId>as1</sc:associationId>
        </sc:Property>
      </sc:end1>
      <sc:end2 ref="Tas1"></sc:end2>
    </sc:Association>
  </sc:associations>
</sc:Model>