<?xml version="1.0" encoding="Windows-1252"?>
<sc:Model xsi:schemaLocation="http://shapechange.net/model http://shapechange.net/resources/schema/ShapeChangeExportedModel.xsd" encoding="Windows-1252" scxmlProducer="ShapeChange" scxmlProducerVersion="unittest" xmlns:sc="http://shapechange.net/model" xmlns:xsi="http://www.w3.org/2001/XMLSchema-instance">
  <sc:packages>
    <sc:Package>
      <sc:name>Model</sc:name>
      <sc:id>P1</sc:id>
      <sc:packages>
        <sc:Package>
          <sc:name>Test Application Schema</sc:name>
          <sc:id>P161</sc:id>
          <sc:packages>
            <sc:Package>
              <sc:name>Inheritance</sc:name>
              <sc:id>P163</sc:id>
              <sc:stereotypes>
                <sc:Stereotype>application schema</sc:Stereotype>
              </sc:stereotypes>
              <sc:taggedValues>
                <sc:TaggedValue>
                  <sc:name>gmlProfileSchema</sc:name>
                </sc:TaggedValue>
                <sc:TaggedValue>
                  <sc:name>targetNamespace</sc:name>
                  <sc:values>
                    <sc:Value>http://shapechange.net/test/flattening/inheritance</sc:Value>
                  </sc:values>
                </sc:TaggedValue>
                <sc:TaggedValue>
                  <sc:name>version</sc:name>
                  <sc:values>
                    <sc:Value>FIXME</sc:Value>
                  </sc:values>
                </sc:TaggedValue>
                <sc:TaggedValue>
                  <sc:name>xmlns</sc:name>
                  <sc:values>
                    <sc:Value>flat</sc:Value>
                  </sc:values>
                </sc:TaggedValue>
                <sc:TaggedValue>
                  <sc:name>xsdDocument</sc:name>
                  <sc:values>
                    <sc:Value>flat.xsd</sc:Value>
                  </sc:values>
                </sc:TaggedValue>
              </sc:taggedValues>
              <sc:packages>
                <sc:Package>
                  <sc:name>Test1</sc:name>
                  <sc:id>P164</sc:id>
                  <sc:taggedValues>
                    <sc:TaggedValue>
                      <sc:name>xsdDocument</sc:name>
                    </sc:TaggedValue>
                  </sc:taggedValues>
                  <sc:classes>
                    <sc:Class>
                      <sc:name>T1_FT1</sc:name>
                      <sc:id>16370</sc:id>
                      <sc:stereotypes>
                        <sc:Stereotype>featuretype</sc:Stereotype>
                      </sc:stereotypes>
                      <sc:descriptors>
                        <sc:alias>
                          <sc:descriptorValues>
                            <sc:DescriptorValue>T1_FT1Alias</sc:DescriptorValue>
                          </sc:descriptorValues>
                        </sc:alias>
                      </sc:descriptors>
                      <sc:taggedValues>
                        <sc:TaggedValue>
                          <sc:name>byValuePropertyType</sc:name>
                          <sc:values>
                            <sc:Value>false</sc:Value>
                          </sc:values>
                        </sc:TaggedValue>
                        <sc:TaggedValue>
                          <sc:name>gmlMixin</sc:name>
                          <sc:values>
                            <sc:Value>false</sc:Value>
                          </sc:values>
                        </sc:TaggedValue>
                        <sc:TaggedValue>
                          <sc:name>isCollection</sc:name>
                          <sc:values>
                            <sc:Value>false</sc:Value>
                          </sc:values>
                        </sc:TaggedValue>
                        <sc:TaggedValue>
                          <sc:name>noPropertyType</sc:name>
                          <sc:values>
                            <sc:Value>false</sc:Value>
                          </sc:values>
                        </sc:TaggedValue>
                      </sc:taggedValues>
                      <sc:subtypes>
                        <sc:SubtypeId>16372</sc:SubtypeId>
                        <sc:SubtypeId>16373</sc:SubtypeId>
                      </sc:subtypes>
                      <sc:properties>
                        <sc:Property>
                          <sc:name>pFT1</sc:name>
                          <sc:id>Tas51427</sc:id>
                          <sc:descriptors>
                            <sc:alias>
                              <sc:descriptorValues>
                                <sc:DescriptorValue>pFT1Alias</sc:DescriptorValue>
                              </sc:descriptorValues>
                            </sc:alias>
                          </sc:descriptors>
                          <sc:taggedValues>
                            <sc:TaggedValue>
                              <sc:name>inlineOrByReference</sc:name>
                              <sc:values>
                                <sc:Value>inlineOrByReference</sc:Value>
                              </sc:values>
                            </sc:TaggedValue>
                            <sc:TaggedValue>
                              <sc:name>isMetadata</sc:name>
                              <sc:values>
                                <sc:Value>false</sc:Value>
                              </sc:values>
                            </sc:TaggedValue>
                            <sc:TaggedValue>
                              <sc:name>sequenceNumber</sc:name>
                            </sc:TaggedValue>
                          </sc:taggedValues>
                          <sc:sequenceNumber>-536870128</sc:sequenceNumber>
                          <sc:typeId>16371</sc:typeId>
                          <sc:typeName>T1_FT2</sc:typeName>
                          <sc:isAttribute>false</sc:isAttribute>
                          <sc:associationId>as51427</sc:associationId>
                        </sc:Property>
                      </sc:properties>
                    </sc:Class>
                    <sc:Class>
                      <sc:name>T1_FT2</sc:name>
                      <sc:id>16371</sc:id>
                      <sc:stereotypes>
                        <sc:Stereotype>featuretype</sc:Stereotype>
                      </sc:stereotypes>
                      <sc:descriptors>
                        <sc:alias>
                          <sc:descriptorValues>
                            <sc:DescriptorValue>T1_FT2Alias</sc:DescriptorValue>
                          </sc:descriptorValues>
                        </sc:alias>
                      </sc:descriptors>
                      <sc:taggedValues>
                        <sc:TaggedValue>
                          <sc:name>byValuePropertyType</sc:name>
                          <sc:values>
                            <sc:Value>false</sc:Value>
                          </sc:values>
                        </sc:TaggedValue>
                        <sc:TaggedValue>
                          <sc:name>gmlMixin</sc:name>
                          <sc:values>
                            <sc:Value>false</sc:Value>
                          </sc:values>
                        </sc:TaggedValue>
                        <sc:TaggedValue>
                          <sc:name>isCollection</sc:name>
                          <sc:values>
                            <sc:Value>false</sc:Value>
                          </sc:values>
                        </sc:TaggedValue>
                        <sc:TaggedValue>
                          <sc:name>noPropertyType</sc:name>
                          <sc:values>
                            <sc:Value>false</sc:Value>
                          </sc:values>
                        </sc:TaggedValue>
                      </sc:taggedValues>
                    </sc:Class>
                    <sc:Class>
                      <sc:name>T1_FT1_1</sc:name>
                      <sc:id>16372</sc:id>
                      <sc:stereotypes>
                        <sc:Stereotype>featuretype</sc:Stereotype>
                      </sc:stereotypes>
                      <sc:descriptors>
                        <sc:alias>
                          <sc:descriptorValues>
                            <sc:DescriptorValue>T1_FT1_1Alias</sc:DescriptorValue>
                          </sc:descriptorValues>
                        </sc:alias>
                      </sc:descriptors>
                      <sc:taggedValues>
                        <sc:TaggedValue>
                          <sc:name>byValuePropertyType</sc:name>
                          <sc:values>
                            <sc:Value>false</sc:Value>
                          </sc:values>
                        </sc:TaggedValue>
                        <sc:TaggedValue>
                          <sc:name>gmlMixin</sc:name>
                          <sc:values>
                            <sc:Value>false</sc:Value>
                          </sc:values>
                        </sc:TaggedValue>
                        <sc:TaggedValue>
                          <sc:name>isCollection</sc:name>
                          <sc:values>
                            <sc:Value>false</sc:Value>
                          </sc:values>
                        </sc:TaggedValue>
                        <sc:TaggedValue>
                          <sc:name>noPropertyType</sc:name>
                          <sc:values>
                            <sc:Value>false</sc:Value>
                          </sc:values>
                        </sc:TaggedValue>
                      </sc:taggedValues>
                      <sc:supertypes>
                        <sc:SupertypeId>16370</sc:SupertypeId>
                      </sc:supertypes>
                    </sc:Class>
                    <sc:Class>
                      <sc:name>T1_FT1_2</sc:name>
                      <sc:id>16373</sc:id>
                      <sc:stereotypes>
                        <sc:Stereotype>featuretype</sc:Stereotype>
                      </sc:stereotypes>
                      <sc:descriptors>
                        <sc:alias>
                          <sc:descriptorValues>
                            <sc:DescriptorValue>T1_FT1_2Alias</sc:DescriptorValue>
                          </sc:descriptorValues>
                        </sc:alias>
                      </sc:descriptors>
                      <sc:taggedValues>
                        <sc:TaggedValue>
                          <sc:name>byValuePropertyType</sc:name>
                          <sc:values>
                            <sc:Value>false</sc:Value>
                          </sc:values>
                        </sc:TaggedValue>
                        <sc:TaggedValue>
                          <sc:name>gmlMixin</sc:name>
                          <sc:values>
                            <sc:Value>false</sc:Value>
                          </sc:values>
                        </sc:TaggedValue>
                        <sc:TaggedValue>
                          <sc:name>isCollection</sc:name>
                          <sc:values>
                            <sc:Value>false</sc:Value>
                          </sc:values>
                        </sc:TaggedValue>
                        <sc:TaggedValue>
                          <sc:name>noPropertyType</sc:name>
                          <sc:values>
                            <sc:Value>false</sc:Value>
                          </sc:values>
                        </sc:TaggedValue>
                      </sc:taggedValues>
                      <sc:supertypes>
                        <sc:SupertypeId>16370</sc:SupertypeId>
                      </sc:supertypes>
                    </sc:Class>
                  </sc:classes>
                </sc:Package>
                <sc:Package>
                  <sc:name>Test2</sc:name>
                  <sc:id>P165</sc:id>
                  <sc:taggedValues>
                    <sc:TaggedValue>
                      <sc:name>xsdDocument</sc:name>
                    </sc:TaggedValue>
                  </sc:taggedValues>
                  <sc:classes>
                    <sc:Class>
                      <sc:name>T2_FT1</sc:name>
                      <sc:id>16376</sc:id>
                      <sc:stereotypes>
                        <sc:Stereotype>featuretype</sc:Stereotype>
                      </sc:stereotypes>
                      <sc:descriptors>
                        <sc:alias>
                          <sc:descriptorValues>
                            <sc:DescriptorValue>T2_FT1Alias</sc:DescriptorValue>
                          </sc:descriptorValues>
                        </sc:alias>
                      </sc:descriptors>
                      <sc:taggedValues>
                        <sc:TaggedValue>
                          <sc:name>byValuePropertyType</sc:name>
                          <sc:values>
                            <sc:Value>false</sc:Value>
                          </sc:values>
                        </sc:TaggedValue>
                        <sc:TaggedValue>
                          <sc:name>gmlMixin</sc:name>
                          <sc:values>
                            <sc:Value>false</sc:Value>
                          </sc:values>
                        </sc:TaggedValue>
                        <sc:TaggedValue>
                          <sc:name>isCollection</sc:name>
                          <sc:values>
                            <sc:Value>false</sc:Value>
                          </sc:values>
                        </sc:TaggedValue>
                        <sc:TaggedValue>
                          <sc:name>noPropertyType</sc:name>
                          <sc:values>
                            <sc:Value>false</sc:Value>
                          </sc:values>
                        </sc:TaggedValue>
                      </sc:taggedValues>
                      <sc:subtypes>
                        <sc:SubtypeId>16377</sc:SubtypeId>
                        <sc:SubtypeId>16378</sc:SubtypeId>
                      </sc:subtypes>
                    </sc:Class>
                    <sc:Class>
                      <sc:name>T2_FT1_1</sc:name>
                      <sc:id>16377</sc:id>
                      <sc:stereotypes>
                        <sc:Stereotype>featuretype</sc:Stereotype>
                      </sc:stereotypes>
                      <sc:descriptors>
                        <sc:alias>
                          <sc:descriptorValues>
                            <sc:DescriptorValue>T2_FT1_1Alias</sc:DescriptorValue>
                          </sc:descriptorValues>
                        </sc:alias>
                      </sc:descriptors>
                      <sc:taggedValues>
                        <sc:TaggedValue>
                          <sc:name>byValuePropertyType</sc:name>
                          <sc:values>
                            <sc:Value>false</sc:Value>
                          </sc:values>
                        </sc:TaggedValue>
                        <sc:TaggedValue>
                          <sc:name>gmlMixin</sc:name>
                          <sc:values>
                            <sc:Value>false</sc:Value>
                          </sc:values>
                        </sc:TaggedValue>
                        <sc:TaggedValue>
                          <sc:name>isCollection</sc:name>
                          <sc:values>
                            <sc:Value>false</sc:Value>
                          </sc:values>
                        </sc:TaggedValue>
                        <sc:TaggedValue>
                          <sc:name>noPropertyType</sc:name>
                          <sc:values>
                            <sc:Value>false</sc:Value>
                          </sc:values>
                        </sc:TaggedValue>
                      </sc:taggedValues>
                      <sc:supertypes>
                        <sc:SupertypeId>16376</sc:SupertypeId>
                      </sc:supertypes>
                    </sc:Class>
                    <sc:Class>
                      <sc:name>T2_FT1_2</sc:name>
                      <sc:id>16378</sc:id>
                      <sc:stereotypes>
                        <sc:Stereotype>featuretype</sc:Stereotype>
                      </sc:stereotypes>
                      <sc:descriptors>
                        <sc:alias>
                          <sc:descriptorValues>
                            <sc:DescriptorValue>T2_FT1_2Alias</sc:DescriptorValue>
                          </sc:descriptorValues>
                        </sc:alias>
                      </sc:descriptors>
                      <sc:taggedValues>
                        <sc:TaggedValue>
                          <sc:name>byValuePropertyType</sc:name>
                          <sc:values>
                            <sc:Value>false</sc:Value>
                          </sc:values>
                        </sc:TaggedValue>
                        <sc:TaggedValue>
                          <sc:name>gmlMixin</sc:name>
                          <sc:values>
                            <sc:Value>false</sc:Value>
                          </sc:values>
                        </sc:TaggedValue>
                        <sc:TaggedValue>
                          <sc:name>isCollection</sc:name>
                          <sc:values>
                            <sc:Value>false</sc:Value>
                          </sc:values>
                        </sc:TaggedValue>
                        <sc:TaggedValue>
                          <sc:name>noPropertyType</sc:name>
                          <sc:values>
                            <sc:Value>false</sc:Value>
                          </sc:values>
                        </sc:TaggedValue>
                      </sc:taggedValues>
                      <sc:supertypes>
                        <sc:SupertypeId>16376</sc:SupertypeId>
                      </sc:supertypes>
                    </sc:Class>
                    <sc:Class>
                      <sc:name>T2_FT2</sc:name>
                      <sc:id>16379</sc:id>
                      <sc:stereotypes>
                        <sc:Stereotype>featuretype</sc:Stereotype>
                      </sc:stereotypes>
                      <sc:descriptors>
                        <sc:alias>
                          <sc:descriptorValues>
                            <sc:DescriptorValue>T2_FT2Alias</sc:DescriptorValue>
                          </sc:descriptorValues>
                        </sc:alias>
                      </sc:descriptors>
                      <sc:taggedValues>
                        <sc:TaggedValue>
                          <sc:name>byValuePropertyType</sc:name>
                          <sc:values>
                            <sc:Value>false</sc:Value>
                          </sc:values>
                        </sc:TaggedValue>
                        <sc:TaggedValue>
                          <sc:name>gmlMixin</sc:name>
                          <sc:values>
                            <sc:Value>false</sc:Value>
                          </sc:values>
                        </sc:TaggedValue>
                        <sc:TaggedValue>
                          <sc:name>isCollection</sc:name>
                          <sc:values>
                            <sc:Value>false</sc:Value>
                          </sc:values>
                        </sc:TaggedValue>
                        <sc:TaggedValue>
                          <sc:name>noPropertyType</sc:name>
                          <sc:values>
                            <sc:Value>false</sc:Value>
                          </sc:values>
                        </sc:TaggedValue>
                      </sc:taggedValues>
                      <sc:properties>
                        <sc:Property>
                          <sc:name>pFT2</sc:name>
                          <sc:id>Tas51431</sc:id>
                          <sc:descriptors>
                            <sc:alias>
                              <sc:descriptorValues>
                                <sc:DescriptorValue>pFT2Alias</sc:DescriptorValue>
                              </sc:descriptorValues>
                            </sc:alias>
                          </sc:descriptors>
                          <sc:taggedValues>
                            <sc:TaggedValue>
                              <sc:name>inlineOrByReference</sc:name>
                              <sc:values>
                                <sc:Value>inlineOrByReference</sc:Value>
                              </sc:values>
                            </sc:TaggedValue>
                            <sc:TaggedValue>
                              <sc:name>isMetadata</sc:name>
                              <sc:values>
                                <sc:Value>false</sc:Value>
                              </sc:values>
                            </sc:TaggedValue>
                            <sc:TaggedValue>
                              <sc:name>sequenceNumber</sc:name>
                            </sc:TaggedValue>
                          </sc:taggedValues>
                          <sc:sequenceNumber>-536870126</sc:sequenceNumber>
                          <sc:typeId>16376</sc:typeId>
                          <sc:typeName>T2_FT1</sc:typeName>
                          <sc:isAttribute>false</sc:isAttribute>
                          <sc:associationId>as51431</sc:associationId>
                        </sc:Property>
                      </sc:properties>
                    </sc:Class>
                  </sc:classes>
                </sc:Package>
                <sc:Package>
                  <sc:name>Test3</sc:name>
                  <sc:id>P167</sc:id>
                  <sc:taggedValues>
                    <sc:TaggedValue>
                      <sc:name>xsdDocument</sc:name>
                    </sc:TaggedValue>
                  </sc:taggedValues>
                  <sc:classes>
                    <sc:Class>
                      <sc:name>T3_FT1</sc:name>
                      <sc:id>16382</sc:id>
                      <sc:stereotypes>
                        <sc:Stereotype>featuretype</sc:Stereotype>
                      </sc:stereotypes>
                      <sc:descriptors>
                        <sc:alias>
                          <sc:descriptorValues>
                            <sc:DescriptorValue>T3_FT1Alias</sc:DescriptorValue>
                          </sc:descriptorValues>
                        </sc:alias>
                      </sc:descriptors>
                      <sc:taggedValues>
                        <sc:TaggedValue>
                          <sc:name>byValuePropertyType</sc:name>
                          <sc:values>
                            <sc:Value>false</sc:Value>
                          </sc:values>
                        </sc:TaggedValue>
                        <sc:TaggedValue>
                          <sc:name>gmlMixin</sc:name>
                          <sc:values>
                            <sc:Value>false</sc:Value>
                          </sc:values>
                        </sc:TaggedValue>
                        <sc:TaggedValue>
                          <sc:name>isCollection</sc:name>
                          <sc:values>
                            <sc:Value>false</sc:Value>
                          </sc:values>
                        </sc:TaggedValue>
                        <sc:TaggedValue>
                          <sc:name>noPropertyType</sc:name>
                          <sc:values>
                            <sc:Value>false</sc:Value>
                          </sc:values>
                        </sc:TaggedValue>
                      </sc:taggedValues>
                      <sc:subtypes>
                        <sc:SubtypeId>16383</sc:SubtypeId>
                        <sc:SubtypeId>16384</sc:SubtypeId>
                      </sc:subtypes>
                      <sc:properties>
                        <sc:Property>
                          <sc:name>pFT1</sc:name>
                          <sc:id>Sas51435</sc:id>
                          <sc:descriptors>
                            <sc:alias>
                              <sc:descriptorValues>
                                <sc:DescriptorValue>pFT1Alias</sc:DescriptorValue>
                              </sc:descriptorValues>
                            </sc:alias>
                          </sc:descriptors>
                          <sc:taggedValues>
                            <sc:TaggedValue>
                              <sc:name>inlineOrByReference</sc:name>
                              <sc:values>
                                <sc:Value>inlineOrByReference</sc:Value>
                              </sc:values>
                            </sc:TaggedValue>
                            <sc:TaggedValue>
                              <sc:name>isMetadata</sc:name>
                              <sc:values>
                                <sc:Value>false</sc:Value>
                              </sc:values>
                            </sc:TaggedValue>
                            <sc:TaggedValue>
                              <sc:name>sequenceNumber</sc:name>
                            </sc:TaggedValue>
                          </sc:taggedValues>
                          <sc:sequenceNumber>-536870125</sc:sequenceNumber>
                          <sc:typeId>16385</sc:typeId>
                          <sc:typeName>T3_FT2</sc:typeName>
                          <sc:isAttribute>false</sc:isAttribute>
                          <sc:associationId>as51435</sc:associationId>
                        </sc:Property>
                      </sc:properties>
                    </sc:Class>
                    <sc:Class>
                      <sc:name>T3_FT1_1</sc:name>
                      <sc:id>16383</sc:id>
                      <sc:stereotypes>
                        <sc:Stereotype>featuretype</sc:Stereotype>
                      </sc:stereotypes>
                      <sc:descriptors>
                        <sc:alias>
                          <sc:descriptorValues>
                            <sc:DescriptorValue>T3_FT1_1Alias</sc:DescriptorValue>
                          </sc:descriptorValues>
                        </sc:alias>
                      </sc:descriptors>
                      <sc:taggedValues>
                        <sc:TaggedValue>
                          <sc:name>byValuePropertyType</sc:name>
                          <sc:values>
                            <sc:Value>false</sc:Value>
                          </sc:values>
                        </sc:TaggedValue>
                        <sc:TaggedValue>
                          <sc:name>gmlMixin</sc:name>
                          <sc:values>
                            <sc:Value>false</sc:Value>
                          </sc:values>
                        </sc:TaggedValue>
                        <sc:TaggedValue>
                          <sc:name>isCollection</sc:name>
                          <sc:values>
                            <sc:Value>false</sc:Value>
                          </sc:values>
                        </sc:TaggedValue>
                        <sc:TaggedValue>
                          <sc:name>noPropertyType</sc:name>
                          <sc:values>
                            <sc:Value>false</sc:Value>
                          </sc:values>
                        </sc:TaggedValue>
                      </sc:taggedValues>
                      <sc:supertypes>
                        <sc:SupertypeId>16382</sc:SupertypeId>
                      </sc:supertypes>
                    </sc:Class>
                    <sc:Class>
                      <sc:name>T3_FT1_2</sc:name>
                      <sc:id>16384</sc:id>
                      <sc:stereotypes>
                        <sc:Stereotype>featuretype</sc:Stereotype>
                      </sc:stereotypes>
                      <sc:descriptors>
                        <sc:alias>
                          <sc:descriptorValues>
                            <sc:DescriptorValue>T3_FT1_2Alias</sc:DescriptorValue>
                          </sc:descriptorValues>
                        </sc:alias>
                      </sc:descriptors>
                      <sc:taggedValues>
                        <sc:TaggedValue>
                          <sc:name>byValuePropertyType</sc:name>
                          <sc:values>
                            <sc:Value>false</sc:Value>
                          </sc:values>
                        </sc:TaggedValue>
                        <sc:TaggedValue>
                          <sc:name>gmlMixin</sc:name>
                          <sc:values>
                            <sc:Value>false</sc:Value>
                          </sc:values>
                        </sc:TaggedValue>
                        <sc:TaggedValue>
                          <sc:name>isCollection</sc:name>
                          <sc:values>
                            <sc:Value>false</sc:Value>
                          </sc:values>
                        </sc:TaggedValue>
                        <sc:TaggedValue>
                          <sc:name>noPropertyType</sc:name>
                          <sc:values>
                            <sc:Value>false</sc:Value>
                          </sc:values>
                        </sc:TaggedValue>
                      </sc:taggedValues>
                      <sc:supertypes>
                        <sc:SupertypeId>16382</sc:SupertypeId>
                      </sc:supertypes>
                    </sc:Class>
                    <sc:Class>
                      <sc:name>T3_FT2</sc:name>
                      <sc:id>16385</sc:id>
                      <sc:stereotypes>
                        <sc:Stereotype>featuretype</sc:Stereotype>
                      </sc:stereotypes>
                      <sc:descriptors>
                        <sc:alias>
                          <sc:descriptorValues>
                            <sc:DescriptorValue>T3_FT2Alias</sc:DescriptorValue>
                          </sc:descriptorValues>
                        </sc:alias>
                      </sc:descriptors>
                      <sc:taggedValues>
                        <sc:TaggedValue>
                          <sc:name>byValuePropertyType</sc:name>
                          <sc:values>
                            <sc:Value>false</sc:Value>
                          </sc:values>
                        </sc:TaggedValue>
                        <sc:TaggedValue>
                          <sc:name>gmlMixin</sc:name>
                          <sc:values>
                            <sc:Value>false</sc:Value>
                          </sc:values>
                        </sc:TaggedValue>
                        <sc:TaggedValue>
                          <sc:name>isCollection</sc:name>
                          <sc:values>
                            <sc:Value>false</sc:Value>
                          </sc:values>
                        </sc:TaggedValue>
                        <sc:TaggedValue>
                          <sc:name>noPropertyType</sc:name>
                          <sc:values>
                            <sc:Value>false</sc:Value>
                          </sc:values>
                        </sc:TaggedValue>
                      </sc:taggedValues>
                      <sc:properties>
                        <sc:Property>
                          <sc:name>pFT2</sc:name>
                          <sc:id>Tas51435</sc:id>
                          <sc:descriptors>
                            <sc:alias>
                              <sc:descriptorValues>
                                <sc:DescriptorValue>pFT2Alias</sc:DescriptorValue>
                              </sc:descriptorValues>
                            </sc:alias>
                          </sc:descriptors>
                          <sc:taggedValues>
                            <sc:TaggedValue>
                              <sc:name>inlineOrByReference</sc:name>
                              <sc:values>
                                <sc:Value>inlineOrByReference</sc:Value>
                              </sc:values>
                            </sc:TaggedValue>
                            <sc:TaggedValue>
                              <sc:name>isMetadata</sc:name>
                              <sc:values>
                                <sc:Value>false</sc:Value>
                              </sc:values>
                            </sc:TaggedValue>
                            <sc:TaggedValue>
                              <sc:name>sequenceNumber</sc:name>
                            </sc:TaggedValue>
                          </sc:taggedValues>
                          <sc:sequenceNumber>-536870124</sc:sequenceNumber>
                          <sc:typeId>16382</sc:typeId>
                          <sc:typeName>T3_FT1</sc:typeName>
                          <sc:isAttribute>false</sc:isAttribute>
                          <sc:associationId>as51435</sc:associationId>
                        </sc:Property>
                      </sc:properties>
                    </sc:Class>
                  </sc:classes>
                </sc:Package>
                <sc:Package>
                  <sc:name>Test4</sc:name>
                  <sc:id>P169</sc:id>
                  <sc:taggedValues>
                    <sc:TaggedValue>
                      <sc:name>xsdDocument</sc:name>
                    </sc:TaggedValue>
                  </sc:taggedValues>
                  <sc:classes>
                    <sc:Class>
                      <sc:name>T4_FT1</sc:name>
                      <sc:id>16388</sc:id>
                      <sc:stereotypes>
                        <sc:Stereotype>featuretype</sc:Stereotype>
                      </sc:stereotypes>
                      <sc:descriptors>
                        <sc:alias>
                          <sc:descriptorValues>
                            <sc:DescriptorValue>T4_FT1Alias</sc:DescriptorValue>
                          </sc:descriptorValues>
                        </sc:alias>
                      </sc:descriptors>
                      <sc:taggedValues>
                        <sc:TaggedValue>
                          <sc:name>byValuePropertyType</sc:name>
                          <sc:values>
                            <sc:Value>false</sc:Value>
                          </sc:values>
                        </sc:TaggedValue>
                        <sc:TaggedValue>
                          <sc:name>gmlMixin</sc:name>
                          <sc:values>
                            <sc:Value>false</sc:Value>
                          </sc:values>
                        </sc:TaggedValue>
                        <sc:TaggedValue>
                          <sc:name>isCollection</sc:name>
                          <sc:values>
                            <sc:Value>false</sc:Value>
                          </sc:values>
                        </sc:TaggedValue>
                        <sc:TaggedValue>
                          <sc:name>noPropertyType</sc:name>
                          <sc:values>
                            <sc:Value>false</sc:Value>
                          </sc:values>
                        </sc:TaggedValue>
                      </sc:taggedValues>
                      <sc:subtypes>
                        <sc:SubtypeId>16389</sc:SubtypeId>
                        <sc:SubtypeId>16390</sc:SubtypeId>
                      </sc:subtypes>
                      <sc:properties>
                        <sc:Property>
                          <sc:name>pFT1</sc:name>
                          <sc:id>Sas51437</sc:id>
                          <sc:descriptors>
                            <sc:alias>
                              <sc:descriptorValues>
                                <sc:DescriptorValue>pFT1Alias</sc:DescriptorValue>
                              </sc:descriptorValues>
                            </sc:alias>
                          </sc:descriptors>
                          <sc:taggedValues>
                            <sc:TaggedValue>
                              <sc:name>inlineOrByReference</sc:name>
                              <sc:values>
                                <sc:Value>inlineOrByReference</sc:Value>
                              </sc:values>
                            </sc:TaggedValue>
                            <sc:TaggedValue>
                              <sc:name>isMetadata</sc:name>
                              <sc:values>
                                <sc:Value>false</sc:Value>
                              </sc:values>
                            </sc:TaggedValue>
                            <sc:TaggedValue>
                              <sc:name>sequenceNumber</sc:name>
                            </sc:TaggedValue>
                          </sc:taggedValues>
                          <sc:sequenceNumber>-536870123</sc:sequenceNumber>
                          <sc:typeId>16391</sc:typeId>
                          <sc:typeName>T4_FT2</sc:typeName>
                          <sc:isAttribute>false</sc:isAttribute>
                          <sc:associationId>as51437</sc:associationId>
                        </sc:Property>
                      </sc:properties>
                    </sc:Class>
                    <sc:Class>
                      <sc:name>T4_FT1_1</sc:name>
                      <sc:id>16389</sc:id>
                      <sc:stereotypes>
                        <sc:Stereotype>featuretype</sc:Stereotype>
                      </sc:stereotypes>
                      <sc:descriptors>
                        <sc:alias>
                          <sc:descriptorValues>
                            <sc:DescriptorValue>T4_FT1_1Alias</sc:DescriptorValue>
                          </sc:descriptorValues>
                        </sc:alias>
                      </sc:descriptors>
                      <sc:taggedValues>
                        <sc:TaggedValue>
                          <sc:name>byValuePropertyType</sc:name>
                          <sc:values>
                            <sc:Value>false</sc:Value>
                          </sc:values>
                        </sc:TaggedValue>
                        <sc:TaggedValue>
                          <sc:name>gmlMixin</sc:name>
                          <sc:values>
                            <sc:Value>false</sc:Value>
                          </sc:values>
                        </sc:TaggedValue>
                        <sc:TaggedValue>
                          <sc:name>isCollection</sc:name>
                          <sc:values>
                            <sc:Value>false</sc:Value>
                          </sc:values>
                        </sc:TaggedValue>
                        <sc:TaggedValue>
                          <sc:name>noPropertyType</sc:name>
                          <sc:values>
                            <sc:Value>false</sc:Value>
                          </sc:values>
                        </sc:TaggedValue>
                      </sc:taggedValues>
                      <sc:supertypes>
                        <sc:SupertypeId>16388</sc:SupertypeId>
                      </sc:supertypes>
                    </sc:Class>
                    <sc:Class>
                      <sc:name>T4_FT1_2</sc:name>
                      <sc:id>16390</sc:id>
                      <sc:stereotypes>
                        <sc:Stereotype>featuretype</sc:Stereotype>
                      </sc:stereotypes>
                      <sc:descriptors>
                        <sc:alias>
                          <sc:descriptorValues>
                            <sc:DescriptorValue>T4_FT1_2Alias</sc:DescriptorValue>
                          </sc:descriptorValues>
                        </sc:alias>
                      </sc:descriptors>
                      <sc:taggedValues>
                        <sc:TaggedValue>
                          <sc:name>byValuePropertyType</sc:name>
                          <sc:values>
                            <sc:Value>false</sc:Value>
                          </sc:values>
                        </sc:TaggedValue>
                        <sc:TaggedValue>
                          <sc:name>gmlMixin</sc:name>
                          <sc:values>
                            <sc:Value>false</sc:Value>
                          </sc:values>
                        </sc:TaggedValue>
                        <sc:TaggedValue>
                          <sc:name>isCollection</sc:name>
                          <sc:values>
                            <sc:Value>false</sc:Value>
                          </sc:values>
                        </sc:TaggedValue>
                        <sc:TaggedValue>
                          <sc:name>noPropertyType</sc:name>
                          <sc:values>
                            <sc:Value>false</sc:Value>
                          </sc:values>
                        </sc:TaggedValue>
                      </sc:taggedValues>
                      <sc:supertypes>
                        <sc:SupertypeId>16388</sc:SupertypeId>
                      </sc:supertypes>
                    </sc:Class>
                    <sc:Class>
                      <sc:name>T4_FT2</sc:name>
                      <sc:id>16391</sc:id>
                      <sc:stereotypes>
                        <sc:Stereotype>featuretype</sc:Stereotype>
                      </sc:stereotypes>
                      <sc:descriptors>
                        <sc:alias>
                          <sc:descriptorValues>
                            <sc:DescriptorValue>T4_FT2Alias</sc:DescriptorValue>
                          </sc:descriptorValues>
                        </sc:alias>
                      </sc:descriptors>
                      <sc:taggedValues>
                        <sc:TaggedValue>
                          <sc:name>byValuePropertyType</sc:name>
                          <sc:values>
                            <sc:Value>false</sc:Value>
                          </sc:values>
                        </sc:TaggedValue>
                        <sc:TaggedValue>
                          <sc:name>gmlMixin</sc:name>
                          <sc:values>
                            <sc:Value>false</sc:Value>
                          </sc:values>
                        </sc:TaggedValue>
                        <sc:TaggedValue>
                          <sc:name>isCollection</sc:name>
                          <sc:values>
                            <sc:Value>false</sc:Value>
                          </sc:values>
                        </sc:TaggedValue>
                        <sc:TaggedValue>
                          <sc:name>noPropertyType</sc:name>
                          <sc:values>
                            <sc:Value>false</sc:Value>
                          </sc:values>
                        </sc:TaggedValue>
                      </sc:taggedValues>
                      <sc:subtypes>
                        <sc:SubtypeId>16393</sc:SubtypeId>
                        <sc:SubtypeId>16394</sc:SubtypeId>
                      </sc:subtypes>
                      <sc:properties>
                        <sc:Property>
                          <sc:name>pFT2</sc:name>
                          <sc:id>Tas51437</sc:id>
                          <sc:descriptors>
                            <sc:alias>
                              <sc:descriptorValues>
                                <sc:DescriptorValue>pFT2Alias</sc:DescriptorValue>
                              </sc:descriptorValues>
                            </sc:alias>
                          </sc:descriptors>
                          <sc:taggedValues>
                            <sc:TaggedValue>
                              <sc:name>inlineOrByReference</sc:name>
                              <sc:values>
                                <sc:Value>inlineOrByReference</sc:Value>
                              </sc:values>
                            </sc:TaggedValue>
                            <sc:TaggedValue>
                              <sc:name>isMetadata</sc:name>
                              <sc:values>
                                <sc:Value>false</sc:Value>
                              </sc:values>
                            </sc:TaggedValue>
                            <sc:TaggedValue>
                              <sc:name>sequenceNumber</sc:name>
                            </sc:TaggedValue>
                          </sc:taggedValues>
                          <sc:sequenceNumber>-536870122</sc:sequenceNumber>
                          <sc:typeId>16388</sc:typeId>
                          <sc:typeName>T4_FT1</sc:typeName>
                          <sc:isAttribute>false</sc:isAttribute>
                          <sc:associationId>as51437</sc:associationId>
                        </sc:Property>
                      </sc:properties>
                    </sc:Class>
                    <sc:Class>
                      <sc:name>T4_FT2_1</sc:name>
                      <sc:id>16393</sc:id>
                      <sc:stereotypes>
                        <sc:Stereotype>featuretype</sc:Stereotype>
                      </sc:stereotypes>
                      <sc:descriptors>
                        <sc:alias>
                          <sc:descriptorValues>
                            <sc:DescriptorValue>T4_FT2_1Alias</sc:DescriptorValue>
                          </sc:descriptorValues>
                        </sc:alias>
                      </sc:descriptors>
                      <sc:taggedValues>
                        <sc:TaggedValue>
                          <sc:name>byValuePropertyType</sc:name>
                          <sc:values>
                            <sc:Value>false</sc:Value>
                          </sc:values>
                        </sc:TaggedValue>
                        <sc:TaggedValue>
                          <sc:name>gmlMixin</sc:name>
                          <sc:values>
                            <sc:Value>false</sc:Value>
                          </sc:values>
                        </sc:TaggedValue>
                        <sc:TaggedValue>
                          <sc:name>isCollection</sc:name>
                          <sc:values>
                            <sc:Value>false</sc:Value>
                          </sc:values>
                        </sc:TaggedValue>
                        <sc:TaggedValue>
                          <sc:name>noPropertyType</sc:name>
                          <sc:values>
                            <sc:Value>false</sc:Value>
                          </sc:values>
                        </sc:TaggedValue>
                      </sc:taggedValues>
                      <sc:supertypes>
                        <sc:SupertypeId>16391</sc:SupertypeId>
                      </sc:supertypes>
                    </sc:Class>
                    <sc:Class>
                      <sc:name>T4_FT2_2</sc:name>
                      <sc:id>16394</sc:id>
                      <sc:stereotypes>
                        <sc:Stereotype>featuretype</sc:Stereotype>
                      </sc:stereotypes>
                      <sc:descriptors>
                        <sc:alias>
                          <sc:descriptorValues>
                            <sc:DescriptorValue>T4_FT2_2Alias</sc:DescriptorValue>
                          </sc:descriptorValues>
                        </sc:alias>
                      </sc:descriptors>
                      <sc:taggedValues>
                        <sc:TaggedValue>
                          <sc:name>byValuePropertyType</sc:name>
                          <sc:values>
                            <sc:Value>false</sc:Value>
                          </sc:values>
                        </sc:TaggedValue>
                        <sc:TaggedValue>
                          <sc:name>gmlMixin</sc:name>
                          <sc:values>
                            <sc:Value>false</sc:Value>
                          </sc:values>
                        </sc:TaggedValue>
                        <sc:TaggedValue>
                          <sc:name>isCollection</sc:name>
                          <sc:values>
                            <sc:Value>false</sc:Value>
                          </sc:values>
                        </sc:TaggedValue>
                        <sc:TaggedValue>
                          <sc:name>noPropertyType</sc:name>
                          <sc:values>
                            <sc:Value>false</sc:Value>
                          </sc:values>
                        </sc:TaggedValue>
                      </sc:taggedValues>
                      <sc:supertypes>
                        <sc:SupertypeId>16391</sc:SupertypeId>
                      </sc:supertypes>
                    </sc:Class>
                  </sc:classes>
                </sc:Package>
              </sc:packages>
            </sc:Package>
            <sc:Package>
              <sc:name>RemoveInheritance</sc:name>
              <sc:id>P172</sc:id>
              <sc:stereotypes>
                <sc:Stereotype>application schema</sc:Stereotype>
              </sc:stereotypes>
              <sc:taggedValues>
                <sc:TaggedValue>
                  <sc:name>gmlProfileSchema</sc:name>
                </sc:TaggedValue>
                <sc:TaggedValue>
                  <sc:name>targetNamespace</sc:name>
                  <sc:values>
                    <sc:Value>http://shapechange.net/test/flattening/removeInheritance</sc:Value>
                  </sc:values>
                </sc:TaggedValue>
                <sc:TaggedValue>
                  <sc:name>version</sc:name>
                  <sc:values>
                    <sc:Value>FIXME</sc:Value>
                  </sc:values>
                </sc:TaggedValue>
                <sc:TaggedValue>
                  <sc:name>xmlns</sc:name>
                  <sc:values>
                    <sc:Value>ri</sc:Value>
                  </sc:values>
                </sc:TaggedValue>
                <sc:TaggedValue>
                  <sc:name>xsdDocument</sc:name>
                  <sc:values>
                    <sc:Value>flat_ri.xsd</sc:Value>
                  </sc:values>
                </sc:TaggedValue>
              </sc:taggedValues>
              <sc:classes>
                <sc:Class>
                  <sc:name>PointPositionInfo</sc:name>
                  <sc:id>16396</sc:id>
                  <sc:stereotypes>
                    <sc:Stereotype>type</sc:Stereotype>
                  </sc:stereotypes>
                  <sc:taggedValues>
                    <sc:TaggedValue>
                      <sc:name>byValuePropertyType</sc:name>
                      <sc:values>
                        <sc:Value>false</sc:Value>
                      </sc:values>
                    </sc:TaggedValue>
                    <sc:TaggedValue>
                      <sc:name>gmlMixin</sc:name>
                      <sc:values>
                        <sc:Value>false</sc:Value>
                      </sc:values>
                    </sc:TaggedValue>
                    <sc:TaggedValue>
                      <sc:name>isCollection</sc:name>
                      <sc:values>
                        <sc:Value>false</sc:Value>
                      </sc:values>
                    </sc:TaggedValue>
                    <sc:TaggedValue>
                      <sc:name>noPropertyType</sc:name>
                      <sc:values>
                        <sc:Value>false</sc:Value>
                      </sc:values>
                    </sc:TaggedValue>
                    <sc:TaggedValue>
                      <sc:name>xmlSchemaType</sc:name>
                    </sc:TaggedValue>
                  </sc:taggedValues>
                  <sc:supertypes>
                    <sc:SupertypeId>16397</sc:SupertypeId>
                  </sc:supertypes>
                </sc:Class>
                <sc:Class>
                  <sc:name>PositionInfo</sc:name>
                  <sc:id>16397</sc:id>
                  <sc:stereotypes>
                    <sc:Stereotype>type</sc:Stereotype>
                  </sc:stereotypes>
                  <sc:taggedValues>
                    <sc:TaggedValue>
                      <sc:name>byValuePropertyType</sc:name>
                      <sc:values>
                        <sc:Value>false</sc:Value>
                      </sc:values>
                    </sc:TaggedValue>
                    <sc:TaggedValue>
                      <sc:name>gmlMixin</sc:name>
                      <sc:values>
                        <sc:Value>true</sc:Value>
                      </sc:values>
                    </sc:TaggedValue>
                    <sc:TaggedValue>
                      <sc:name>isCollection</sc:name>
                      <sc:values>
                        <sc:Value>false</sc:Value>
                      </sc:values>
                    </sc:TaggedValue>
                    <sc:TaggedValue>
                      <sc:name>noPropertyType</sc:name>
                      <sc:values>
                        <sc:Value>false</sc:Value>
                      </sc:values>
                    </sc:TaggedValue>
                    <sc:TaggedValue>
                      <sc:name>xmlSchemaType</sc:name>
                    </sc:TaggedValue>
                  </sc:taggedValues>
                  <sc:subtypes>
                    <sc:SubtypeId>16396</sc:SubtypeId>
                    <sc:SubtypeId>16398</sc:SubtypeId>
                  </sc:subtypes>
                  <sc:properties>
                    <sc:Property>
                      <sc:name>pPositionInfo</sc:name>
                      <sc:id>16397_50934</sc:id>
                      <sc:taggedValues>
                        <sc:TaggedValue>
                          <sc:name>inlineOrByReference</sc:name>
                          <sc:values>
                            <sc:Value>inlineOrByReference</sc:Value>
                          </sc:values>
                        </sc:TaggedValue>
                        <sc:TaggedValue>
                          <sc:name>isMetadata</sc:name>
                          <sc:values>
                            <sc:Value>false</sc:Value>
                          </sc:values>
                        </sc:TaggedValue>
                        <sc:TaggedValue>
                          <sc:name>sequenceNumber</sc:name>
                        </sc:TaggedValue>
                      </sc:taggedValues>
                      <sc:sequenceNumber>-1073738055</sc:sequenceNumber>
                      <sc:typeName>Integer</sc:typeName>
                      <sc:isComposition>true</sc:isComposition>
                    </sc:Property>
                  </sc:properties>
                </sc:Class>
                <sc:Class>
                  <sc:name>CurvePositionInfo</sc:name>
                  <sc:id>16398</sc:id>
                  <sc:stereotypes>
                    <sc:Stereotype>type</sc:Stereotype>
                  </sc:stereotypes>
                  <sc:taggedValues>
                    <sc:TaggedValue>
                      <sc:name>byValuePropertyType</sc:name>
                      <sc:values>
                        <sc:Value>false</sc:Value>
                      </sc:values>
                    </sc:TaggedValue>
                    <sc:TaggedValue>
                      <sc:name>gmlMixin</sc:name>
                      <sc:values>
                        <sc:Value>false</sc:Value>
                      </sc:values>
                    </sc:TaggedValue>
                    <sc:TaggedValue>
                      <sc:name>isCollection</sc:name>
                      <sc:values>
                        <sc:Value>false</sc:Value>
                      </sc:values>
                    </sc:TaggedValue>
                    <sc:TaggedValue>
                      <sc:name>noPropertyType</sc:name>
                      <sc:values>
                        <sc:Value>false</sc:Value>
                      </sc:values>
                    </sc:TaggedValue>
                    <sc:TaggedValue>
                      <sc:name>xmlSchemaType</sc:name>
                    </sc:TaggedValue>
                  </sc:taggedValues>
                  <sc:supertypes>
                    <sc:SupertypeId>16397</sc:SupertypeId>
                  </sc:supertypes>
                </sc:Class>
              </sc:classes>
            </sc:Package>
            <sc:Package>
              <sc:name>InheritanceAddAttributesAtBottom</sc:name>
              <sc:id>P173</sc:id>
              <sc:stereotypes>
                <sc:Stereotype>application schema</sc:Stereotype>
              </sc:stereotypes>
              <sc:descriptors>
                <sc:alias>
                  <sc:descriptorValues>
                    <sc:DescriptorValue>applicationSchema</sc:DescriptorValue>
                  </sc:descriptorValues>
                </sc:alias>
              </sc:descriptors>
              <sc:taggedValues>
                <sc:TaggedValue>
                  <sc:name>gmlProfileSchema</sc:name>
                </sc:TaggedValue>
                <sc:TaggedValue>
                  <sc:name>targetNamespace</sc:name>
                  <sc:values>
                    <sc:Value>http://example.org/flattening/inheritanceAddAttributesAtBottom</sc:Value>
                  </sc:values>
                </sc:TaggedValue>
                <sc:TaggedValue>
                  <sc:name>version</sc:name>
                  <sc:values>
                    <sc:Value>1.0</sc:Value>
                  </sc:values>
                </sc:TaggedValue>
                <sc:TaggedValue>
                  <sc:name>xmlns</sc:name>
                  <sc:values>
                    <sc:Value>flat</sc:Value>
                  </sc:values>
                </sc:TaggedValue>
                <sc:TaggedValue>
                  <sc:name>xsdDocument</sc:name>
                  <sc:values>
                    <sc:Value>flat_inheritanceAddAttributesAtBottom.xsd</sc:Value>
                  </sc:values>
                </sc:TaggedValue>
              </sc:taggedValues>
              <sc:classes>
                <sc:Class>
                  <sc:name>FT1</sc:name>
                  <sc:id>16400</sc:id>
                  <sc:stereotypes>
                    <sc:Stereotype>featuretype</sc:Stereotype>
                  </sc:stereotypes>
                  <sc:taggedValues>
                    <sc:TaggedValue>
                      <sc:name>byValuePropertyType</sc:name>
                      <sc:values>
                        <sc:Value>false</sc:Value>
                      </sc:values>
                    </sc:TaggedValue>
                    <sc:TaggedValue>
                      <sc:name>gmlMixin</sc:name>
                      <sc:values>
                        <sc:Value>false</sc:Value>
                      </sc:values>
                    </sc:TaggedValue>
                    <sc:TaggedValue>
                      <sc:name>isCollection</sc:name>
                      <sc:values>
                        <sc:Value>false</sc:Value>
                      </sc:values>
                    </sc:TaggedValue>
                    <sc:TaggedValue>
                      <sc:name>noPropertyType</sc:name>
                      <sc:values>
                        <sc:Value>false</sc:Value>
                      </sc:values>
                    </sc:TaggedValue>
                  </sc:taggedValues>
                  <sc:subtypes>
                    <sc:SubtypeId>16401</sc:SubtypeId>
                  </sc:subtypes>
                  <sc:properties>
                    <sc:Property>
                      <sc:name>attributeFT1</sc:name>
                      <sc:id>16400_50935</sc:id>
                      <sc:taggedValues>
                        <sc:TaggedValue>
                          <sc:name>inlineOrByReference</sc:name>
                          <sc:values>
                            <sc:Value>inlineOrByReference</sc:Value>
                          </sc:values>
                        </sc:TaggedValue>
                        <sc:TaggedValue>
                          <sc:name>isMetadata</sc:name>
                          <sc:values>
                            <sc:Value>false</sc:Value>
                          </sc:values>
                        </sc:TaggedValue>
                        <sc:TaggedValue>
                          <sc:name>sequenceNumber</sc:name>
                          <sc:values>
                            <sc:Value>1</sc:Value>
                          </sc:values>
                        </sc:TaggedValue>
                      </sc:taggedValues>
                      <sc:sequenceNumber>1</sc:sequenceNumber>
                      <sc:typeName>CharacterString</sc:typeName>
                      <sc:isComposition>true</sc:isComposition>
                    </sc:Property>
                    <sc:Property>
                      <sc:name>roleFT1</sc:name>
                      <sc:id>Tas51447</sc:id>
                      <sc:taggedValues>
                        <sc:TaggedValue>
                          <sc:name>inlineOrByReference</sc:name>
                          <sc:values>
                            <sc:Value>inlineOrByReference</sc:Value>
                          </sc:values>
                        </sc:TaggedValue>
                        <sc:TaggedValue>
                          <sc:name>isMetadata</sc:name>
                          <sc:values>
                            <sc:Value>false</sc:Value>
                          </sc:values>
                        </sc:TaggedValue>
                        <sc:TaggedValue>
                          <sc:name>sequenceNumber</sc:name>
                          <sc:values>
                            <sc:Value>2</sc:Value>
                          </sc:values>
                        </sc:TaggedValue>
                      </sc:taggedValues>
                      <sc:sequenceNumber>2</sc:sequenceNumber>
                      <sc:typeId>16403</sc:typeId>
                      <sc:typeName>FTX</sc:typeName>
                      <sc:isAttribute>false</sc:isAttribute>
                      <sc:associationId>as51447</sc:associationId>
                    </sc:Property>
                  </sc:properties>
                </sc:Class>
                <sc:Class>
                  <sc:name>FT2</sc:name>
                  <sc:id>16401</sc:id>
                  <sc:stereotypes>
                    <sc:Stereotype>featuretype</sc:Stereotype>
                  </sc:stereotypes>
                  <sc:taggedValues>
                    <sc:TaggedValue>
                      <sc:name>byValuePropertyType</sc:name>
                      <sc:values>
                        <sc:Value>false</sc:Value>
                      </sc:values>
                    </sc:TaggedValue>
                    <sc:TaggedValue>
                      <sc:name>gmlMixin</sc:name>
                      <sc:values>
                        <sc:Value>false</sc:Value>
                      </sc:values>
                    </sc:TaggedValue>
                    <sc:TaggedValue>
                      <sc:name>isCollection</sc:name>
                      <sc:values>
                        <sc:Value>false</sc:Value>
                      </sc:values>
                    </sc:TaggedValue>
                    <sc:TaggedValue>
                      <sc:name>noPropertyType</sc:name>
                      <sc:values>
                        <sc:Value>false</sc:Value>
                      </sc:values>
                    </sc:TaggedValue>
                  </sc:taggedValues>
                  <sc:supertypes>
                    <sc:SupertypeId>16400</sc:SupertypeId>
                  </sc:supertypes>
                  <sc:properties>
                    <sc:Property>
                      <sc:name>attributeFT2</sc:name>
                      <sc:id>16401_50936</sc:id>
                      <sc:taggedValues>
                        <sc:TaggedValue>
                          <sc:name>inlineOrByReference</sc:name>
                          <sc:values>
                            <sc:Value>inlineOrByReference</sc:Value>
                          </sc:values>
                        </sc:TaggedValue>
                        <sc:TaggedValue>
                          <sc:name>isMetadata</sc:name>
                          <sc:values>
                            <sc:Value>false</sc:Value>
                          </sc:values>
                        </sc:TaggedValue>
                        <sc:TaggedValue>
                          <sc:name>sequenceNumber</sc:name>
                          <sc:values>
                            <sc:Value>1</sc:Value>
                          </sc:values>
                        </sc:TaggedValue>
                      </sc:taggedValues>
                      <sc:sequenceNumber>1</sc:sequenceNumber>
                      <sc:typeName>CharacterString</sc:typeName>
                      <sc:isComposition>true</sc:isComposition>
                    </sc:Property>
                    <sc:Property>
                      <sc:name>roleFT2</sc:name>
                      <sc:id>Tas51448</sc:id>
                      <sc:taggedValues>
                        <sc:TaggedValue>
                          <sc:name>inlineOrByReference</sc:name>
                          <sc:values>
                            <sc:Value>inlineOrByReference</sc:Value>
                          </sc:values>
                        </sc:TaggedValue>
                        <sc:TaggedValue>
                          <sc:name>isMetadata</sc:name>
                          <sc:values>
                            <sc:Value>false</sc:Value>
                          </sc:values>
                        </sc:TaggedValue>
                        <sc:TaggedValue>
                          <sc:name>sequenceNumber</sc:name>
                          <sc:values>
                            <sc:Value>2</sc:Value>
                          </sc:values>
                        </sc:TaggedValue>
                      </sc:taggedValues>
                      <sc:sequenceNumber>2</sc:sequenceNumber>
                      <sc:typeId>16403</sc:typeId>
                      <sc:typeName>FTX</sc:typeName>
                      <sc:isAttribute>false</sc:isAttribute>
                      <sc:associationId>as51448</sc:associationId>
                    </sc:Property>
                  </sc:properties>
                </sc:Class>
                <sc:Class>
                  <sc:name>FTX</sc:name>
                  <sc:id>16403</sc:id>
                  <sc:stereotypes>
                    <sc:Stereotype>featuretype</sc:Stereotype>
                  </sc:stereotypes>
                  <sc:taggedValues>
                    <sc:TaggedValue>
                      <sc:name>byValuePropertyType</sc:name>
                      <sc:values>
                        <sc:Value>false</sc:Value>
                      </sc:values>
                    </sc:TaggedValue>
                    <sc:TaggedValue>
                      <sc:name>gmlMixin</sc:name>
                      <sc:values>
                        <sc:Value>false</sc:Value>
                      </sc:values>
                    </sc:TaggedValue>
                    <sc:TaggedValue>
                      <sc:name>isCollection</sc:name>
                      <sc:values>
                        <sc:Value>false</sc:Value>
                      </sc:values>
                    </sc:TaggedValue>
                    <sc:TaggedValue>
                      <sc:name>noPropertyType</sc:name>
                      <sc:values>
                        <sc:Value>false</sc:Value>
                      </sc:values>
                    </sc:TaggedValue>
                  </sc:taggedValues>
                </sc:Class>
              </sc:classes>
            </sc:Package>
          </sc:packages>
        </sc:Package>
      </sc:packages>
    </sc:Package>
  </sc:packages>
  <sc:associations>
    <sc:Association>
      <sc:name>T1_FT1_T1_FT2</sc:name>
      <sc:id>as51427</sc:id>
      <sc:end1>
        <sc:Property>
          <sc:name>role_Sas51427</sc:name>
          <sc:id>Sas51427</sc:id>
          <sc:isNavigable>false</sc:isNavigable>
          <sc:sequenceNumber>-536870129</sc:sequenceNumber>
          <sc:typeId>16370</sc:typeId>
          <sc:typeName>T1_FT1</sc:typeName>
          <sc:isAttribute>false</sc:isAttribute>
          <sc:inClassId>16371</sc:inClassId>
          <sc:associationId>as51427</sc:associationId>
        </sc:Property>
      </sc:end1>
      <sc:end2 ref="Tas51427"></sc:end2>
    </sc:Association>
    <sc:Association>
      <sc:name>T2_FT2_T2_FT1</sc:name>
      <sc:id>as51431</sc:id>
      <sc:end1>
        <sc:Property>
          <sc:name>role_Sas51431</sc:name>
          <sc:id>Sas51431</sc:id>
          <sc:isNavigable>false</sc:isNavigable>
          <sc:sequenceNumber>-536870127</sc:sequenceNumber>
          <sc:typeId>16379</sc:typeId>
          <sc:typeName>T2_FT2</sc:typeName>
          <sc:isAttribute>false</sc:isAttribute>
          <sc:inClassId>16376</sc:inClassId>
          <sc:associationId>as51431</sc:associationId>
        </sc:Property>
      </sc:end1>
      <sc:end2 ref="Tas51431"></sc:end2>
    </sc:Association>
    <sc:Association>
      <sc:name>T3_FT2_T3_FT1</sc:name>
      <sc:id>as51435</sc:id>
      <sc:end1 ref="Sas51435"></sc:end1>
      <sc:end2 ref="Tas51435"></sc:end2>
    </sc:Association>
    <sc:Association>
      <sc:name>T4_FT2_T4_FT1</sc:name>
      <sc:id>as51437</sc:id>
      <sc:end1 ref="Sas51437"></sc:end1>
      <sc:end2 ref="Tas51437"></sc:end2>
    </sc:Association>
    <sc:Association>
      <sc:name>FT1_FTX</sc:name>
      <sc:id>as51447</sc:id>
      <sc:end1>
        <sc:Property>
          <sc:name>role_Sas51447</sc:name>
          <sc:id>Sas51447</sc:id>
          <sc:isNavigable>false</sc:isNavigable>
          <sc:sequenceNumber>-536870121</sc:sequenceNumber>
          <sc:typeId>16400</sc:typeId>
          <sc:typeName>FT1</sc:typeName>
          <sc:isAttribute>false</sc:isAttribute>
          <sc:inClassId>16403</sc:inClassId>
          <sc:associationId>as51447</sc:associationId>
        </sc:Property>
      </sc:end1>
      <sc:end2 ref="Tas51447"></sc:end2>
    </sc:Association>
    <sc:Association>
      <sc:name>FT2_FTX</sc:name>
      <sc:id>as51448</sc:id>
      <sc:end1>
        <sc:Property>
          <sc:name>role_Sas51448</sc:name>
          <sc:id>Sas51448</sc:id>
          <sc:isNavigable>false</sc:isNavigable>
          <sc:sequenceNumber>-536870120</sc:sequenceNumber>
          <sc:typeId>16401</sc:typeId>
          <sc:typeName>FT2</sc:typeName>
          <sc:isAttribute>false</sc:isAttribute>
          <sc:inClassId>16403</sc:inClassId>
          <sc:associationId>as51448</sc:associationId>
        </sc:Property>
      </sc:end1>
      <sc:end2 ref="Tas51448"></sc:end2>
    </sc:Association>
  </sc:associations>
</sc:Model>